formula,target
Ag(AuS)2,1.0
Ag0.5Ge1Pb1.75Se4,0.0
Ag2BiO3,1.0
Ag2GeS3,0.0
Ag2GeSe3,0.0
Ag2GeTe3,0.0
Ag2HgI4,0.0
Ag2Mo(I2O7)2,0.0
Ag2O,0.0
Ag2P2PbO7,1.0
Ag2PdO2,0.0
Ag2S,0.0
Ag2SnS3,0.0
Ag2SnSe3,0.0
Ag3AsO4,1.0
Ag3AsS3,0.0
Ag3AsSe3,0.0
Ag3Pd,1.0
Ag3RuO4,1.0
Ag5IO6,0.0
Ag7(SI)2,1.0
Ag7AsSe6,0.0
Ag7NO11,1.0
Ag8GeS6,0.0
Ag8SnSe6,0.0
Ag9(PbO3)4,1.0
AgAsS2,0.0
AgAsSe2,0.0
AgAu3,1.0
AgBi(PS3)2,0.0
AgBi(PSe3)2,0.0
AgBiPbS3,0.0
AgBiPbSe3,0.0
AgBiS2,0.0
AgBiSe2,0.0
AgBr,0.0
AgCNO,1.0
AgCl,0.0
AgI,0.0
AgN3,0.0
AgO,0.0
AgPd(IO3)3,0.0
AgPdO2,1.0
AgSO4,0.0
AgSbS2,0.0
AgSbSe2,0.0
AgSbTe2,0.0
AgTe2As,0.0
Al0.01Cd0.99Sb0.01Te0.99,0.0
Al0.01In0.99P1,0.0
Al0.15Ga0.85As1,0.0
Al0.1Cd0.9Sb0.1Te0.9,0.0
Al0.2Ga0.8P1,0.0
Al0.2In0.8P1,0.0
Al0.3In0.7P1,0.0
Al0.4Cd0.6Sb0.4Te0.6,0.0
Al0.4In0.6P1,0.0
Al0.5Ga0.5As1,0.0
Al0.5In0.5P1,0.0
Al0.6Ga0.4P1,0.0
Al0.6In0.4P1,0.0
Al0.7In0.3P1,0.0
Al0.99Cd0.01Sb0.99Te0.01,0.0
Al0.99In0.01P1,0.0
Al10V,1.0
Al13Ru4,1.0
Al2(CuSe2)3,1.0
Al2CoIr,1.0
Al2Cr2O7,1.0
Al2CrS4,1.0
Al2Cu,1.0
Al2FeNi,1.0
Al2S3,0.0
Al2Se3,0.0
Al2Te3,0.0
Al3Tc,1.0
Al4Cu9,1.0
Al5Rh2,1.0
Al6Fe,1.0
Al6Tc,1.0
Al7(CN)3,1.0
Al9Rh2,1.0
AlAgS2,0.0
AlAgSe2,0.0
AlAgTe2,0.0
AlAs,1.0
AlB12,0.0
AlB2,1.0
AlCoO3,1.0
AlCu3,1.0
AlCu7O12,1.0
AlCuS2,0.0
AlCuSe2,0.0
AlCuTe2,0.0
AlFe4(CuO4)3,1.0
AlIr,1.0
AlP,0.0
AlSb,0.0
AlSn,1.0
AlV(TeO4)2,0.0
As2O3,0.0
As2Rh,0.0
As2Ru,0.0
As2S3,0.0
As2S5,0.0
As2Se3,0.0
AsAu3,1.0
AsBr3,0.0
AsOsS,0.0
AsP,0.0
AsPPd,0.0
AsPRu,0.0
AsRuS,0.0
AsSeI,0.0
AuBrO2,1.0
B2Mo(PbO2)6,0.0
B2O3,0.0
B2Se2O7,0.0
B3H2Pb2O7.5,0.0
B4H2Pb6O13,0.0
B4W,1.0
B6As,0.0
B6P,0.0
BAs,0.0
BMo,1.0
BPb6BrO7,0.0
BPb7Br3O7,0.0
BRh2,1.0
BSb,0.0
BSbPbS4,0.0
BSe2Cl,1.0
BTe2As,1.0
Ba(AsPd)2,1.0
Ba(AsRh)2,1.0
Ba(FeS2)2,1.0
Ba(GaSe2)2,0.0
Ba(InS2)2,0.0
Ba(NiP2)2,1.0
Ba(PdO2)2,1.0
Ba(SnO2)4,1.0
Ba(ZnAs)2,0.0
Ba12In4S19,0.0
Ba14Ir8(PdO11)3,1.0
Ba14Na8CaN6,1.0
Ba23Ga8(SbS19)2,0.0
Ba2B4H2O9,0.0
Ba2B6H4O13,0.0
Ba2B6O11,0.0
Ba2CaOsO6,1.0
Ba2CaReO6,1.0
Ba2Cd(BO2)6,0.0
Ba2Ce2O5,1.0
Ba2CeInTe5,0.0
Ba2CuWO6,1.0
Ba2DyGaTe5,0.0
Ba2DyInSe5,0.0
Ba2DyInTe5,0.0
Ba2ErGaSe5,0.0
Ba2ErGaTe5,0.0
Ba2FeMoO6,1.0
Ba2FeReO6,1.0
Ba2Ga8GeS16,0.0
Ba2GaAsSe5,0.0
Ba2GaBiS5,0.0
Ba2GaBiTe5,0.0
Ba2GaS4,0.0
Ba2GaSbSe5,0.0
Ba2GaSbTe5,0.0
Ba2GdGaSe5,0.0
Ba2GdGaTe5,0.0
Ba2GdInSe5,0.0
Ba2GdInTe5,0.0
Ba2In2Se5,0.0
Ba2NaCu3S5,0.0
Ba2NdGaS5,0.0
Ba2NdGaSe5,0.0
Ba2NdInSe5,0.0
Ba2NdInTe5,0.0
Ba2ReNiO6,1.0
Ba2Sb7HO14,0.0
Ba2ScIrO6,1.0
Ba2ScTaO6,0.0
Ba2SmCu3O7,1.0
Ba2SmGaSe5,0.0
Ba2SmGaTe5,0.0
Ba2SmInSe5,0.0
Ba2SmTaO6,0.0
Ba2SnSe5,0.0
Ba2TbIrO6,1.0
Ba2ThCu2Se5,0.0
Ba2UCuO6,1.0
Ba2V2Te2O11,0.0
Ba2V2ZnO8,0.0
Ba2V4(TeO6)3,0.0
Ba2YGaSe5,0.0
Ba2YInSe5,0.0
Ba2YReO6,1.0
Ba2Yb(CuO2)4,1.0
Ba2Zn0.2B2S5.2,0.0
Ba3(AlGe)2,1.0
Ba3B1.5Sb0.5S6,0.0
Ba3BSbS6,0.0
Ba3BSbSe6,0.0
Ba3Bi0.5B1.5S6,0.0
Ba3CaRu2O9,1.0
Ba3Cd(SnS4)2,0.0
Ba3Co10O17,1.0
Ba3Dy2(PS4)4,0.0
Ba3ErRu2O9,1.0
Ba3Gd2(PS4)4,0.0
Ba3GeS5,0.0
Ba3InS4Cl,0.0
Ba3La3(Cu3O7)2,0.0
Ba3MgTa2O9,0.0
Ba3N2,1.0
Ba3NaIrO6,1.0
Ba3Nb2CoO9,1.0
Ba3Nb2Se9,0.0
Ba3Sb2S7,0.0
Ba3Sn(SbSe4)2,0.0
Ba3Ta2Se9,0.0
Ba3Ta2ZnO9,0.0
Ba3Ta5NO14,0.0
Ba3Te,1.0
Ba3ThSe7,0.0
Ba3V2(SeO4)4,0.0
Ba3YIr2O9,1.0
Ba3Yb4O9,1.0
Ba3ZrRu2O9,1.0
Ba4B11O20F,0.0
Ba4Ga4GeSe12,0.0
Ba4Ga4SnSe12,0.0
Ba4Ga5AgS12,0.0
Ba4Ga5CuS12,0.0
Ba4Ga5CuSe12,0.0
Ba4Ga5Si18,0.0
Ba4InAgSe6,0.0
Ba4InCuSe6,0.0
Ba4LiGa5Se12,0.0
Ba4Sb3S8Cl,0.0
Ba4Si20Au3,1.0
Ba4Si3Se9Cl2,0.0
Ba4Sm2Cu2O9,1.0
Ba4Yb(CuO3)3,1.0
Ba5(Ga2Se5)2,0.0
Ba5(GaSe4)2,0.0
Ba5Bi3,1.0
Ba5Ge3,1.0
Ba5In4Bi5,1.0
Ba5Sb3,1.0
Ba5V3O12F,0.0
Ba6Ag2.7Sn4.3S16,0.0
Ba6Al4B14O33,0.0
Ba6In2NF,1.0
Ba6Sn6Se13,0.0
Ba7(SnS3)5,0.0
Ba7B3O9F5,0.0
Ba7Ga5AgS15,0.0
Ba8Sn4S15,0.0
Ba8Ta7O24,1.0
BaAg,1.0
BaAg2,1.0
BaAgSbS3,0.0
BaAl2,1.0
BaAl4Se7,0.0
BaAlCu4O7,1.0
BaAu(IO3)5,0.0
BaB6,0.0
BaBSbS4,0.0
BaBiClO2,0.0
BaCaB2O5,0.0
BaCaSn3,1.0
BaCu2SnSe4,0.0
BaCuSbSe3,0.0
BaEu2Mn2O7,1.0
BaF2,0.0
BaGa2GeS6,0.0
BaGa2GeSe6,0.0
BaGa2SiS6,0.0
BaGa2SiSe6,0.0
BaGa2SnSe6,0.0
BaGa4S7,0.0
BaGa4Se7,0.0
BaGe2,0.0
BaGe3Pt,1.0
BaGe4(IrS3)2,0.0
BaGe4(IrSe3)2,0.0
BaGe4(RhSe3)2,0.0
BaHgS2,0.0
BaHgSe2,0.0
BaIn2(P2O7)2,0.0
BaIn2Ir,1.0
BaLa2CoS5,1.0
BaLa2In2S7,0.0
BaLa2In2Se7,0.0
BaLa2Te5O14,0.0
BaLi4,1.0
BaMn4O7,1.0
BaMn4ZnO8,1.0
BaNa2GeS4,0.0
BaNa2GeSe4,0.0
BaNa2SnS4,0.0
BaNaB5O9,0.0
BaO,0.0
BaPd(IO3)4,0.0
BaPdSe6,0.0
BaPrO3,0.0
BaPt5,1.0
BaReH9,0.0
BaS,0.0
BaSe,0.0
BaSi2,0.0
BaSn2S5,0.0
BaSn3,1.0
BaSnO3,0.0
BaTaNO2,0.0
BaTbMn2O6,1.0
BaTe,0.0
BaTeMo2O9,0.0
BaTh3,1.0
BaTi14O28,1.0
BaTi4O7,1.0
BaTi4O8,1.0
BaTiO3,0.0
BaTl(MoO3)2,1.0
BaTl3,1.0
BaV2SeO8,0.0
BaYb2O4,1.0
BaYbSn3,1.0
BaZn5,1.0
BaZnSO,0.0
BaZnSiSe4,0.0
Be2HgTe,1.0
Be2W,1.0
Be3Sb2,0.0
BeAlB,1.0
BeCu,1.0
BeFe2Si,1.0
BeGaO3,1.0
BeGaRh2,1.0
BePd2,1.0
BePd3,1.0
BeSe,0.0
BeSiRu2,1.0
BeTcSe,1.0
BeTe,0.0
Bi0.002Te0.003Pb0.999Se0.999,0.0
Bi0.04Te0.06Pb0.98Se0.98,0.0
Bi0.2Sb1.8Te3,0.0
Bi0.2Te0.3Pb0.9Se0.9,0.0
Bi0.4Sb1.6Te3,0.0
Bi0.4Te0.6Pb0.8Se0.8,0.0
Bi0.6Sb1.4Te3,0.0
Bi1.4Sb0.6Te3,0.0
Bi1.6Sb0.4Te3,0.0
Bi1.8Sb0.2Te3,0.0
Bi1.98Sb0.02Te3,0.0
Bi12PO20,0.0
Bi12Rh12O41,1.0
Bi1Sb0.15,0.0
Bi2(PO4)3,1.0
Bi24BO39,0.0
Bi2AsClO4,0.0
Bi2CO5,0.0
Bi2I4O13,0.0
Bi2Mo2Se2O13,0.0
Bi2O3,0.0
Bi2O5,1.0
Bi2SI2O11,0.0
Bi2Se3,0.0
Bi2SeI2O11,0.0
Bi2Te0.03Se2.97,0.0
Bi2Te0.1Se2.9,0.0
Bi2Te0.45Se2.55,0.0
Bi2Te0.4Se2.6,0.0
Bi2Te0.6Se2.4,0.0
Bi2Te0.9Se2.1,0.0
Bi2Te1.2Se1.8,0.0
Bi2Te1.5Se1.5,0.0
Bi2Te2.1Se0.9,0.0
Bi2Te2.4Se0.6,0.0
Bi2Te2.7Se0.3,0.0
Bi2Te2.97Se0.03,0.0
Bi2Te2SO10,0.0
Bi2Te3,0.0
Bi3I4O13F3,0.0
Bi4I,1.0
Bi4Pb7Se13,0.0
Bi4Pd(SeO3)4,0.0
Bi5IO7,0.0
Bi7O5F11,0.0
Bi8Te7S5,0.0
Bi9S6O7.5,0.0
BiAs2Os,1.0
BiBPbO4,0.0
BiBrO,0.0
BiClO,0.0
BiO,1.0
BiPb2S2I3,0.0
BiPbClO2,0.0
BiPd,1.0
BiSBr,0.0
BiSCl,0.0
BiSI,0.0
BiSbTe3,0.0
BiSeBr,0.0
BiSeI,0.0
BiTeNO6,0.0
CBr4,0.0
CI4,0.0
Ca(AgGe)2,1.0
Ca(Al4Co)2,1.0
Ca(BIr)2,1.0
Ca(BiO2)2,0.0
Ca(CoGe)2,1.0
Ca(CoS2)4,1.0
Ca(GdS2)2,0.0
Ca(GeRh)2,1.0
Ca(LaS2)2,0.0
Ca(MnAs)2,1.0
Ca(Ni2O3)2,1.0
Ca(SmS2)2,0.0
Ca(TiS2)4,1.0
Ca11Ga7,1.0
Ca2CdAs2,0.0
Ca2CuWO6,1.0
Ca2Ge,0.0
Ca2GeN2,1.0
Ca2MnAlO5,1.0
Ca2NiIrO6,1.0
Ca2Os2O7,1.0
Ca2PbAu2,1.0
Ca2SmTaO6,0.0
Ca2Sn,0.0
Ca2Sn2F3,1.0
Ca2ZnRh,1.0
Ca3(BN2)2,0.0
Ca3(GaPt)2,1.0
Ca3Al2Ge3,1.0
Ca3Au4,1.0
Ca3Bi(PO4)3,0.0
Ca3BiAs,1.0
Ca3BiSb,1.0
Ca3In,1.0
Ca3La2(SnS4)3,0.0
Ca3N2,0.0
Ca3PbN,1.0
Ca3Sb2,0.0
Ca3Sn2S7,1.0
Ca3Ti2(SiO4)3,0.0
Ca3TlN,1.0
Ca3Zr17O37,1.0
Ca4Al3O10,1.0
Ca4Bi6O13,0.0
Ca5Au2,1.0
Ca5B3O9F,0.0
Ca5Sb3,1.0
Ca5Sn4S13,1.0
Ca6Ag16N,1.0
Ca6Cu2Sn7,1.0
CaAu5,1.0
CaCdSi,1.0
CaF2,0.0
CaGaAu3,1.0
CaGaGe,1.0
CaGe2,1.0
CaHfZn,1.0
CaHg2,1.0
CaIn4Ir,1.0
CaInAu,1.0
CaInPt,1.0
CaNi5,1.0
CaO,0.0
CaOsO3,1.0
CaPb,1.0
CaPd3C,1.0
CaPrZn2,1.0
CaS,0.0
CaSnO3,0.0
CaTaNO2,0.0
CaTe,0.0
CaTi4O8,1.0
CaVO2,1.0
CaYbInSe4,1.0
CaZn3,1.0
CaZnSO,0.0
Cd(GaS2)2,0.0
Cd(GaSe2)2,0.0
Cd(In15Te23)2,0.0
Cd(InSe2)2,0.0
Cd(InTe2)2,0.0
Cd(PS2)2,0.0
Cd0.01Ga0.99Sb0.99Te0.01,0.0
Cd0.01Hg0.99Se1,0.0
Cd0.01In0.99Te0.01As0.99,0.0
Cd0.03In0.97Te0.03As0.97,0.0
Cd0.04In0.96Te0.04As0.96,0.0
Cd0.05Ga0.95Sb0.95Te0.05,0.0
Cd0.05In0.95Te0.05As0.95,0.0
Cd0.06In0.94Te0.06As0.94,0.0
Cd0.07In0.93Te0.07As0.93,0.0
Cd0.1Ga0.9Sb0.9Te0.1,0.0
Cd0.1Hg0.9Se1,0.0
Cd0.1In0.9Te0.1As0.9,0.0
Cd0.204Hg0.796Te1,0.0
Cd0.2Ga0.8Sb0.8Te0.2,0.0
Cd0.2Hg0.8Se1,0.0
Cd0.2In2.4Ag0.4Te4,0.0
Cd0.3Hg0.7Se1,0.0
Cd0.3Hg0.7Te1,0.0
Cd0.4Hg0.6Se1,0.0
Cd0.5Hg0.5Se1,0.0
Cd0.5In2.2Ag0.4Te4,0.0
Cd0.6Hg0.4Se1,0.0
Cd0.7Hg0.3Se1,0.0
Cd0.99Ga0.01Sb0.01Te0.99,0.0
Cd0.99Hg0.01Se1,0.0
Cd12Ge17(B4O29)2,0.0
Cd13I28,1.0
Cd1Hg6.5As4Cl6,0.0
Cd1Se0.01S0.99,0.0
Cd1Se0.2S0.8,0.0
Cd1Se0.45S0.55,0.0
Cd1Se0.65S0.35,0.0
Cd1Se0.99S0.01,0.0
Cd2AgRh,1.0
Cd2InAgTe3,0.0
Cd2InCuTe3,0.0
Cd2InCuTe4,0.0
Cd2PbO4,1.0
Cd3AgPS6,0.0
Cd3As2,0.0
Cd3Bi(PO4)3,0.0
Cd3Te2MoO10,0.0
Cd4As2Br3,0.0
Cd4As2I3,0.0
Cd4P2Cl3,0.0
Cd4P2I3,0.0
Cd4Sb3,0.0
Cd6P7,0.0
CdAg,1.0
CdAg2GeS4,0.0
CdAs2,0.0
CdAsPd5,1.0
CdAuO2,1.0
CdBiClO2,0.0
CdBr2,0.0
CdCl2,0.0
CdCu(SeO3)2,0.0
CdCu2GeSe4,0.0
CdCu2SnS4,0.0
CdCu2SnSe4,0.0
CdF2,0.0
CdGeAs2,0.0
CdGeP2,0.0
CdHIO4,0.0
CdHg4(AsI2)2,0.0
CdHg6(As2Br3)2,0.0
CdIClO3,0.0
CdInCuSe3,0.0
CdP4,0.0
CdRhF6,1.0
CdSb,0.0
CdSb2Se3Br2,0.0
CdSb4MoO10,0.0
CdSe,0.0
CdSiAs2,0.0
CdSiP2,0.0
CdSnO3,0.0
CdSnP2,0.0
CdTe,0.0
Ce(AlZn)2,1.0
Ce(BC)2,1.0
Ce(CoAs)2,1.0
Ce(CoB)4,1.0
Ce(CuSb)2,1.0
Ce(HO)3,1.0
Ce(InS2)3,0.0
Ce(MnGe)2,1.0
Ce(PPt2)2,1.0
Ce(SiAu)2,1.0
Ce(SiNi)2,1.0
Ce(SiPd)2,1.0
Ce1.3Lu0.7S3,0.0
Ce10Se14O,0.0
Ce15B8N25,0.0
Ce1Mn0.5Se1O1,0.0
Ce2(SbPd3)3,1.0
Ce2(SnSe3)3,0.0
Ce2Al2Co15,1.0
Ce2Co5B2,1.0
Ce2CrN3,1.0
Ce2Fe17,1.0
Ce2GeSe5,0.0
Ce2S2O,1.0
Ce2S3,0.0
Ce2Se3,0.0
Ce2Te3,0.0
Ce2ZnNi2,1.0
Ce3(Al3Ru)4,1.0
Ce3Al,1.0
Ce3AlC,1.0
Ce3B2(ClO2)3,1.0
Ce3LuSe6,0.0
Ce3MnAlS7,1.0
Ce3NbS3O4,1.0
Ce3Pd5,1.0
Ce3SiPt5,1.0
Ce3Ta(ClO2)3,1.0
Ce4Bi3,1.0
Ce4FeSe6O,1.0
Ce4InSbSe9,0.0
Ce4Si3Rh4,1.0
Ce5CuSe8,1.0
Ce5Ge3,1.0
Ce5Si3,1.0
Ce8Sb2S15,0.0
Ce8U2O21,1.0
Ce9SmO20,1.0
CeAgSn,1.0
CeAl2Pd5,1.0
CeAl2Pt3,1.0
CeAlO3,1.0
CeAsPd,1.0
CeAsSe,1.0
CeBC,1.0
CeBiW2O9,0.0
CeCd2Ag,1.0
CeCdAu2,1.0
CeF3,0.0
CeGaO3,1.0
CeHSe,1.0
CeHg,1.0
CeInIr,1.0
CeIr5,1.0
CeLu3,1.0
CeMg2Ag,1.0
CeMgAg2,1.0
CeMgNi4,1.0
CeMgPt,1.0
CeMgZn2,1.0
CeMoO4F,0.0
CeN,0.0
CeNbO4,1.0
CeO2,0.0
CeOs2,1.0
CeSI,1.0
CeScO3,0.0
CeSi2Ni,1.0
CeSiIr,1.0
CeTaN2O,0.0
CeTl2P2S7,0.0
CeTlZn,1.0
Co(PO3)4,1.0
Co(WO4)2,1.0
Co2B4Mo,1.0
Co2Ge,1.0
Co2O3,1.0
Co2Te3O8,0.0
Co3H,1.0
Co3Se4,1.0
Co3W,1.0
Co5Ge7,1.0
Co5RuO8,1.0
CoAs3,0.0
CoAsRh,1.0
CoAsSe,0.0
CoCu2Sn,1.0
CoGe,1.0
CoH2(SN)4,1.0
CoOF,1.0
CoP3,0.0
CoPS,0.0
CoPbO3,1.0
CoSb2,0.0
CoSb3,0.0
CoSbS,0.0
Cr(FeSe2)2,1.0
Cr(MoS2)2,1.0
Cr10Sb3Te7,1.0
Cr2CuS4,1.0
Cr2CuTe4,1.0
Cr2GeC,1.0
Cr2HO4,1.0
Cr2HgSe4,1.0
Cr2NiS4,1.0
Cr2O3,0.0
Cr2P3O11,1.0
Cr2SbTe,1.0
Cr3Ni(PO4)6,1.0
Cr3P,1.0
Cr3Se4,0.0
Cr4As3,1.0
Cr4Cu3Te8,1.0
Cr7C3,1.0
CrAs,1.0
CrB2(PbO2)6,0.0
CrCo2Bi,1.0
CrCoGe,1.0
CrCu2Si,1.0
CrFe2Sb,1.0
CrFeP,1.0
CrIrO6,1.0
CrNiAs,1.0
CrNiP2O9,1.0
CrO2,0.0
CrPbO4,0.0
CrSb2,0.0
CrTe2,0.0
Cs0.4K0.6P1Se6,0.0
Cs1.13Cd1.13Bi2.87Se6,0.0
Cs1.43Cd1.43Bi2.57S6,0.0
Cs10Cd4Sn4S17,0.0
Cs2AgBiBr6,0.0
Cs2Al2B2O7,0.0
Cs2Ba3(P2O7)2,0.0
Cs2Cd0.25Hg5.75S7,0.0
Cs2Cd2Bi2S5,0.0
Cs2Cd3Te4,0.0
Cs2CrCl4,1.0
Cs2Cu(PS3)3,0.0
Cs2Cu2Sb2S5,0.0
Cs2DyCu3Te4,0.0
Cs2Ga2S5,0.0
Cs2Ga2Se5,0.0
Cs2Hg(ICl)2,0.0
Cs2Hg3I8,0.0
Cs2Hg3S4,0.0
Cs2Hg6S7,0.0
Cs2La1.19Bi8.81S16,0.0
Cs2Li3(BO2)5,0.0
Cs2MgGe3Se8,0.0
Cs2MgSn3Se8,0.0
Cs2Mo15S19,1.0
Cs2NaCoF6,1.0
Cs2NaMgF6,1.0
Cs2NbCuSe4,0.0
Cs2Pt(IO3)6,0.0
Cs2SCl6F,1.0
Cs2Sb,0.0
Cs2SeClF6,1.0
Cs2Sn(PSe3)2,0.0
Cs2Sn3(SbS5)2,0.0
Cs2Te,0.0
Cs2TeBr6,0.0
Cs2Ti(AgS2)2,0.0
Cs2Zn3(SeO3)4,0.0
Cs2ZnGe3S8,0.0
Cs2ZnGe3Te8,0.0
Cs2ZnSn3Se8,0.0
Cs3Bi,0.0
Cs3Bi2Br9,0.0
Cs3Bi2I9,0.0
Cs3NaZn2Ge21,0.0
Cs3Nb2AsSe11,0.0
Cs3Nb9(TeO8)4,0.0
Cs3PW3O13,0.0
Cs3Sb,0.0
Cs3Sb2I9,0.0
Cs3Sn3Cl7F2,0.0
Cs4Cu3Bi9S17,0.0
Cs4Ga4Si19,0.0
Cs4Ge5(PbS4)4,0.0
Cs4In8GeSe16,0.0
Cs5Mo21Se23,1.0
Cs6.4Na1.6Ga8Ge38,0.0
CsAg2TeS6,0.0
CsAg5Te3,0.0
CsAgCl3,1.0
CsAgSb4S7,0.0
CsAsSe2,0.0
CsB3O5,0.0
CsBi3Se5,0.0
CsBiS2,0.0
CsBiSe2,0.0
CsBr,0.0
CsCaO3,1.0
CsCd4Ga5S12,0.0
CsCd4Ga5Se12,0.0
CsCd4Ga5Te12,0.0
CsCd4In5Se12,0.0
CsCd4In5Te12,0.0
CsCdBO3,0.0
CsCdInSe3,0.0
CsCeHgSe3,0.0
CsCu(SbS2)2,0.0
CsCu2AsS3,0.0
CsDy9(Cd2Se9)2,0.0
CsErZnSe3,0.0
CsEuF3,1.0
CsGa(SnSe3)2,0.0
CsGa7,1.0
CsGaS3,0.0
CsGaSnSe4,0.0
CsGdO3,1.0
CsGeB3O7,0.0
CsGeI3,0.0
CsHo9(Cd2Se9)2,0.0
CsIn(SnSe3)2,0.0
CsInGeS4,0.0
CsInGeSe4,0.0
CsInHgS3,0.0
CsInI3,1.0
CsInS2,0.0
CsInSe2,0.0
CsInSnS4,0.0
CsInTe2,0.0
CsInTe3O8,0.0
CsIrO3,1.0
CsK(PSe4)2,0.0
CsK2Sb,0.0
CsLaHgSe3,0.0
CsLiCO3,0.0
CsLu7Se11,0.0
CsMg149,1.0
CsMn4Ga5Te12,0.0
CsNa2Sb,0.0
CsNa8(B7O12)3,0.0
CsNb6I11,1.0
CsNbSe2O7,0.0
CsPSe4,0.0
CsPSe6,0.0
CsRb(PSe4)2,0.0
CsRbP,1.0
CsSb,0.0
CsSb(SO4)2,0.0
CsSbS2,0.0
CsSbSe2,0.0
CsSbTe2,0.0
CsSc(SeO3)2,0.0
CsSmCdSe3,0.0
CsSmZnSe3,0.0
CsSn3,1.0
CsTa3(SeO6)2,0.0
CsTb9(Cd2Se9)2,0.0
CsTbZnTe3,0.0
CsTiCl3,1.0
CsTiF4,1.0
CsVP2S7,1.0
CsWCl6,1.0
CsYHgSe3,0.0
CsYTe3O8,0.0
CsYZnSe3,0.0
CsYbCoSe3,0.0
CsYbMnSe3,0.0
CsYbZnSe3,0.0
CsZn2B3O7,0.0
CsZn4In5Se12,0.0
CsZn4In5Te12,0.0
CsZrPSe6,0.0
Cu(IrS2)2,1.0
Cu(NO3)2,1.0
Cu0.5Ge1Pb1.75S4,0.0
Cu10Sb3,1.0
Cu11Sb4S13,1.0
Cu15Si4,1.0
Cu18S11,1.0
Cu23(Sb4S13)2,1.0
Cu25Se26,1.0
Cu2GeS3,0.0
Cu2GeSe3,0.0
Cu2H3ClO3,1.0
Cu2Hg2SF6,1.0
Cu2HgGeSe4,1.0
Cu2OF2,1.0
Cu2PHO5,1.0
Cu2Sb,1.0
Cu2Se,0.0
Cu2SnSe3,0.0
Cu2Te,0.0
Cu3(BiI4)4,1.0
Cu3AsS4,0.0
Cu3Bi6S10I,0.0
Cu3Pd,1.0
Cu3SbS4,0.0
Cu3SbSe4,0.0
Cu3Se2(ClO3)2,1.0
Cu4As2O9,1.0
Cu4H10SO12,1.0
Cu4Pd,1.0
Cu4Sn7S16,0.0
Cu4W(SCl)4,1.0
Cu5(Si2O7)2,1.0
Cu6PbO8,1.0
Cu8O,1.0
Cu9S5,1.0
Cu9Se4(Cl3O7)2,1.0
CuBS2,0.0
CuBi(PSe3)2,0.0
CuBiPbS3,0.0
CuBiSO,0.0
CuBiSeO,0.0
CuBr,0.0
CuCN2,1.0
CuCl,0.0
CuClO2,1.0
CuF,1.0
CuI,0.0
CuN3,0.0
CuNi(CN)4,0.0
CuP2(HO3)2,1.0
CuPO4F,1.0
CuPS3,0.0
CuPtO2,1.0
CuSbS2,0.0
CuSbSe2,0.0
CuSeO3,1.0
Dy(Al2Cu)4,1.0
Dy(CoGe)2,1.0
Dy(CuTe)3,0.0
Dy(GeRu)2,1.0
Dy12C6I17,1.0
Dy12Co7,1.0
Dy1Te1.4,0.0
Dy1Te1.7,0.0
Dy2(GePt3)3,1.0
Dy2AlCo2,1.0
Dy2C,1.0
Dy2CdPd2,1.0
Dy2CuOs,1.0
Dy2MgTl,1.0
Dy2O3,0.0
Dy2Sn5,1.0
Dy2Te3,0.0
Dy2TlCd,1.0
Dy2ZnIn,1.0
Dy3Al0.5Si1S7,0.0
Dy3Ga,1.0
Dy3GaS6,0.0
Dy3InC,1.0
Dy3MnB7,1.0
Dy4Sb3,1.0
Dy4Te3S4,0.0
Dy5Pb3,1.0
Dy5Sn3,1.0
Dy6FeTe2,1.0
Dy7In(CoGe3)4,1.0
DyAg,1.0
DyAgGe,1.0
DyAgHg2,1.0
DyAs,0.0
DyB2Rh2C,1.0
DyB6,0.0
DyBPd3,1.0
DyBiPt,1.0
DyCd2,1.0
DyCoSi2,1.0
DyFeSi,1.0
DyGe,1.0
DyInAu,1.0
DyInCu2,1.0
DyInPt2,1.0
DyIr2,1.0
DyN,0.0
DyNiGe2,1.0
DyPO4,0.0
DyS2,1.0
DySiIr,1.0
DySn3,1.0
DySnRu2,1.0
DyZnGa,1.0
DyZnRh2,1.0
DyZrRu2,1.0
Er(Al10Cr)2,1.0
Er(CrSi)2,1.0
Er(CuGe)2,1.0
Er(CuTe)3,0.0
Er(ReO4)2,1.0
Er(SiPd)2,1.0
Er2(Ga3Co)3,1.0
Er2(MoO4)3,0.0
Er2C3,1.0
Er2Fe14B,1.0
Er2Mg3Ru,1.0
Er2MnC4,1.0
Er2SnAu2,1.0
Er2Te3,0.0
Er3SnC,1.0
Er4NiB13,1.0
Er5Bi3,1.0
Er5NiPb3,1.0
Er5Si3,1.0
Er6MnBi2,1.0
ErAgSn,1.0
ErAl9(Fe2Si3)2,1.0
ErAlGe,1.0
ErB2Ir3,1.0
ErB6,0.0
ErBPd3,1.0
ErBiW2O9,0.0
ErCu,1.0
ErFeC2,1.0
ErHg2,1.0
ErLu3,1.0
ErN,0.0
ErNi4Au,1.0
ErNiSn,1.0
ErRu3,1.0
ErSe2,0.0
ErSnAu,1.0
ErTe,0.0
ErTlPd,1.0
ErZn12,1.0
Eu(AlAu)2,1.0
Eu(AsPd)2,1.0
Eu(BiSe2)2,0.0
Eu(BiTe2)2,0.0
Eu(CdSb)2,1.0
Eu(ClO4)3,1.0
Eu(ErSe2)2,0.0
Eu(GaS2)2,0.0
Eu(HoSe2)2,0.0
Eu(InSe2)2,0.0
Eu(LuSe2)2,0.0
Eu(MnGe)2,1.0
Eu(Ni2B)6,1.0
Eu(NiAs)2,1.0
Eu(SbS2)2,0.0
Eu(TmSe2)2,0.0
Eu(ZnGe)2,1.0
Eu1.75Ag0.5Ge1S4,0.0
Eu1.83Ta15O32,0.0
Eu2C(NO)2,1.0
Eu2CuO4,1.0
Eu2Ga2GeS7,0.0
Eu2Ge(BO4)2,1.0
Eu2PBr,1.0
Eu2ReO5,1.0
Eu2SnSe5,0.0
Eu2TeO2,1.0
Eu3(InP2)2,0.0
Eu3BWO9,1.0
Eu3P2,0.0
Eu3S4,0.0
Eu3Sb4Se9,0.0
Eu4Te7,0.0
Eu7(Ga3Sb4)2,0.0
EuAgSb,1.0
EuAl2O4,0.0
EuAlO3,1.0
EuBi3,1.0
EuBiW2O9,0.0
EuCd11,1.0
EuClO,1.0
EuCo8P5,1.0
EuCu2SnS4,0.0
EuCuSeF,1.0
EuCuSeO,1.0
EuGe3Pt,1.0
EuH2,0.0
EuIn2(GeIr)4,0.0
EuPPt,1.0
EuPd,1.0
EuRhO3,1.0
EuS,0.0
EuSb4S7,0.0
EuSb4Te7,0.0
EuSbO3,1.0
EuScO3,1.0
EuSe,0.0
EuSeClO3,1.0
EuSn3,1.0
EuSnTe2,0.0
EuTe,0.0
EuTiClO3,1.0
EuTl,1.0
Fe(PdSe)2,1.0
Fe10O9F11,1.0
Fe2B(PO4)3,0.0
Fe2O2F3,1.0
Fe2O3,0.0
Fe2Te3,0.0
Fe3B,1.0
Fe3N,1.0
Fe3Si,1.0
Fe4H15(IO8)3,0.0
Fe4O7F,1.0
Fe6O7F5,1.0
Fe6W6C,1.0
Fe9Co7,1.0
FeAg3(CN)6,1.0
FeAgSe2,0.0
FeAgTe2,0.0
FeAs2O7,1.0
FeAsS,0.0
FeBi(SeO3)3,0.0
FeBi25O39,0.0
FeCo2Si,1.0
FeCoAs,1.0
FeCuSe2,0.0
FeCuTe2,0.0
FeI2,0.0
FeOF,1.0
FeP,1.0
FePd3,1.0
FeRhO3,1.0
FeSn,1.0
Ga0.005Te1Pb0.995,0.0
Ga0.01Te1Pb0.99,0.0
Ga0.04Te1Pb0.96,0.0
Ga0.95Hg0.05Sb0.95Te0.05,0.0
Ga0.9Hg0.1Sb0.9Te0.1,0.0
Ga1.001Sb0.999Se0.003,0.0
Ga1.002Sb0.998Te0.006,0.0
Ga1.005Sb0.995Te0.015,0.0
Ga1.01Cu0.99Se2.01,0.0
Ga1.01Sb0.99Se0.03,0.0
Ga1.01Sb0.99Te0.03,0.0
Ga1.02Sb0.98Se0.06,0.0
Ga1.02Sb0.98Te0.06,0.0
Ga1.05Sb0.95Te0.15,0.0
Ga1.1Cu0.9Se2.1,0.0
Ga1.1Sb0.9Te0.3,0.0
Ga1.2Cu0.8Se2.2,0.0
Ga1.5Cu0.5S2.5,0.0
Ga1.65Cu0.35S2.65,0.0
Ga1.65Cu0.35Se2.65,0.0
Ga1.6Cu0.4S2.6,0.0
Ga1.7Cu0.3S2.7,0.0
Ga1.85Cu0.15Se2.85,0.0
Ga1.8Cu0.2S2.8,0.0
Ga1.8Cu0.2Se2.8,0.0
Ga1.95Cu0.05Se2.95,0.0
Ga1.99Cu0.01Se2.99,0.0
Ga1As0.01P0.99,0.0
Ga1As0.2P0.8,0.0
Ga1As0.3P0.7,0.0
Ga1As0.4P0.6,0.0
Ga1As0.5P0.5,0.0
Ga1As0.7P0.3,0.0
Ga1As0.8P0.2,0.0
Ga1As0.99P0.01,0.0
Ga1Sb0.01As0.99,0.0
Ga1Sb0.14As0.86,0.0
Ga1Sb0.25As0.75,0.0
Ga1Sb0.3As0.7,0.0
Ga1Sb0.85As0.15,0.0
Ga1Sb0.8As0.2,0.0
Ga1Sb0.95As0.05,0.0
Ga1Sb0.99As0.01,0.0
Ga2(TeO3)3,0.0
Ga2CuSe4,0.0
Ga2GeTe3,0.0
Ga2HgS4,0.0
Ga2HgSe4,0.0
Ga2NiS4,1.0
Ga2PbS4,0.0
Ga2S3,0.0
Ga2Se2O7,0.0
Ga2Si(AgS3)2,0.0
Ga2SnGeS6,0.0
Ga2Te3,0.0
Ga3CuSe5,0.0
Ga3CuTe5,0.0
Ga3SiAg3Se8,0.0
Ga4Cu2Te7,0.0
Ga4PbS7,0.0
Ga4SnS7,0.0
Ga4SnSe7,0.0
Ga5Pd13,1.0
Ga9Rh2,1.0
GaAgGe3Se8,0.0
GaAgGe5Se12,0.0
GaAgGeS4,0.0
GaAgO2,0.0
GaAgS2,0.0
GaAgTe2,0.0
GaAs,0.0
GaBi25O39,0.0
GaCuGeSe4,0.0
GaCuO2,0.0
GaCuS2,0.0
GaCuSe2,0.0
GaCuTe2,0.0
GaGeTe,0.0
GaHSeO4,0.0
GaSb,0.0
GaSe,0.0
GaSiAgSe4,0.0
GaSiRu2,1.0
GaTc,0.0
GaTc2W,1.0
GaTe,0.0
Gd(CuSe)3,0.0
Gd(CuTe)3,0.0
Gd1.05Sc0.95Se3,0.0
Gd1.47Mn2.04In0.49S5,0.0
Gd1.87Lu2.13Se6,0.0
Gd1Mn1.95In1.05S5,0.0
Gd2(Zn2Ge)3,1.0
Gd2AlCo2,1.0
Gd2Mn4S7,0.0
Gd2O3,0.0
Gd2S3,0.0
Gd2Se3,0.0
Gd2ZrS5,0.0
Gd3(AlNi3)2,1.0
Gd3Al0.74Si0.7S7,0.0
Gd3Al7Ag2,1.0
Gd3Co11B4,1.0
Gd3ReO7,1.0
Gd3S4,1.0
Gd6Ge2.5S14,0.0
Gd6Ta4Al43,1.0
GdAs,0.0
GdB(SbO4)2,0.0
GdB6,0.0
GdB66,0.0
GdCd4B3O10,0.0
GdH2NO5,0.0
GdInIr,1.0
GdO2,1.0
GdPbAu,1.0
GdSbPd,1.0
GdSe2,1.0
GdTe,0.0
GdZn,1.0
Ge(Bi3O5)4,0.0
Ge0.01Te1Pb0.99,0.0
Ge0.02Te0.98Pb0.98S0.02,0.0
Ge0.03Pb0.97Se0.97S0.03,0.0
Ge0.05Pb0.95Se0.95S0.05,0.0
Ge0.05Pb0.95Se1,0.0
Ge0.05Te0.95Pb0.95S0.05,0.0
Ge0.05Te1Pb0.95,0.0
Ge0.06Te0.06Pb0.94Se0.94,0.0
Ge0.15Te0.15Pb0.85Se0.85,0.0
Ge0.15Te1Pb0.85,0.0
Ge0.1Pb0.9Se0.9S0.1,0.0
Ge0.1Pb0.9Se1,0.0
Ge0.1Te1Pb0.9,0.0
Ge0.2Pb0.8Se1,0.0
Ge0.2Te0.2Pb0.8Se0.8,0.0
Ge0.39Te1Pb0.61,0.0
Ge0.3Pb0.7Se1,0.0
Ge0.3Te1Pb0.7,0.0
Ge0.41Te1Pb0.59,0.0
Ge0.4Te1Pb0.6,0.0
Ge2Os,1.0
Ge3Bi3O10.5,0.0
Ge3Ru2,0.0
Ge40Te5.3I8,0.0
Ge5(Te4As)2,1.0
GeAs,0.0
GeAs2,0.0
GeAs3,1.0
GeO2,0.0
GeP,0.0
GePb2(SeO3)4,0.0
GePbS3,0.0
GeRh,1.0
GeS,0.0
GeS2,0.0
GeSe,0.0
GeSe2,0.0
GeTe2,0.0
H2Se,1.0
H6Pt(I3O10)2,0.0
H7Se2NO6,0.0
Hf(CoSi)2,1.0
Hf(CuP)2,1.0
Hf(VGa2)2,1.0
Hf(VH2)2,1.0
Hf2Al3C4,1.0
Hf2Co4P3,1.0
Hf2Ge,1.0
Hf2MnIr,1.0
Hf2Ni,1.0
Hf2OsPd,1.0
Hf2S,1.0
Hf2Si,1.0
Hf2Tl,1.0
Hf3(CuSi)4,1.0
Hf3(NiGe)4,1.0
Hf3P,1.0
Hf3P3Pd4,1.0
Hf3Zn3N,1.0
Hf4Co4Si7,1.0
Hf54Os17,1.0
Hf5CuPb3,1.0
Hf5Pb,1.0
Hf5Sb3,1.0
Hf5Si4,1.0
Hf5Sn4,1.0
Hf5Te4,1.0
Hf6PbO18,1.0
Hf7P4,1.0
HfAlPd2,1.0
HfAs2,1.0
HfAsRh,1.0
HfB,1.0
HfB4Ir3,1.0
HfC,1.0
HfCo3B2,1.0
HfFe2,1.0
HfHg4(AsCl3)2,0.0
HfHg4(PCl3)2,0.0
HfNi5,1.0
HfO2,0.0
HfOs2,1.0
HfPt,1.0
HfS2,0.0
HfS3,0.0
HfSe2,0.0
HfSi,1.0
HfSiPt,1.0
HfTl3,1.0
Hg2Rh,1.0
Hg2Sb2O7,1.0
Hg3As,1.0
Hg3Bi2(TeCl4)2,0.0
Hg3C,1.0
Hg3PS3,0.0
Hg3PS4,0.0
Hg3Sb,1.0
Hg5AsS2I3,0.0
Hg7.5As4Cl6,0.0
Hg8Bi3As4Cl13,0.0
HgBr,0.0
HgBr2,0.0
HgCl,0.0
HgCl2,0.0
HgI,0.0
HgO,0.0
HgPS3,0.0
HgPt,1.0
HgS,0.0
HgTe,0.0
HgTeBr,0.0
Ho(BC)2,1.0
Ho(BiO3)2,1.0
Ho(CuO2)2,1.0
Ho(CuTe)3,0.0
Ho(InS2)3,0.0
Ho(SiOs)2,1.0
Ho(SiPd)2,1.0
Ho(SiPt)2,1.0
Ho(SiRu)2,1.0
Ho10Si17,1.0
Ho2(MoO4)3,0.0
Ho2Au,1.0
Ho2B4C,1.0
Ho2CuRh,1.0
Ho2Ge5Rh3,1.0
Ho2HfS5,0.0
Ho2O3,0.0
Ho2Pd2Pb,1.0
Ho2S3,0.0
Ho3AlC,1.0
Ho3GaC,1.0
Ho3Ge5,1.0
Ho3Hg,1.0
Ho3Ni19B10,1.0
Ho5(Ge5Rh2)2,1.0
Ho5Si4,1.0
HoAlAu2,1.0
HoB2Rh3,1.0
HoCd,1.0
HoCd3,1.0
HoCo3,1.0
HoGeAu,1.0
HoInPt,1.0
HoMg2,1.0
HoMgAu2,1.0
HoMgZn2,1.0
HoMn12,1.0
HoNiGe,1.0
HoSiRu2C,1.0
HoTh3,1.0
HoTiGe,1.0
HoTiO3,1.0
HoTiSi,1.0
HoTlPd,1.0
HoZnRh,1.0
HoZnRh2,1.0
In(PS2)2,0.0
In0.001Te1Pb0.999,0.0
In0.01Ga0.99As0.99P0.01,0.0
In0.01Te1Pb0.99,0.0
In0.04Te1Pb0.96,0.0
In0.07Te1Pb0.93,0.0
In0.1Ga0.9As0.9P0.1,0.0
In0.2Ga0.8As1,0.0
In0.3Ga0.7As0.7P0.3,0.0
In0.3Ga0.7As1,0.0
In0.3Ga0.7P1,0.0
In0.4Ga0.6As0.4P0.6,0.0
In0.4Ga0.6As0.6P0.4,0.0
In0.4Ga0.6As1,0.0
In0.5Ga0.5As0.5P0.5,0.0
In0.5Ga0.5As1,0.0
In0.5Ga0.5P1,0.0
In0.72Ga0.28As1,0.0
In0.8Ga0.2As0.8P0.2,0.0
In0.8Ga0.2As1,0.0
In0.99Ga0.01As0.99P0.01,0.0
In0.9Ga0.1As0.1P0.9,0.0
In0.9Ga0.1As0.9P0.1,0.0
In1.05Cu0.95Se2.05,0.0
In1.1Cu0.9Se2.1,0.0
In1.3Cu0.7Se2.3,0.0
In1.5Cu0.5Se2.5,0.0
In1.65Cu0.35Se2.65,0.0
In1.6Cu0.4Se2.6,0.0
In1.6Ga0.4Cu1S3.5,0.0
In1.7Cu0.3Se2.7,0.0
In1.85Cu0.15Se2.85,0.0
In1.8Cu0.2Se2.8,0.0
In1.99Cu0.01Se2.99,0.0
In11Cu9Se20,1.0
In1Ag1.75Sb5.75Se11,0.0
In1Ga1Cu1S3.5,0.0
In1Hg4As2.5Br3.5,0.0
In1Sb0.1As0.9,0.0
In1Sb0.2As0.8,0.0
In1Sb0.3As0.7,0.0
In1Sb0.6As0.4,0.0
In1Sb0.7As0.3,0.0
In1Sb0.8As0.2,0.0
In1Sb0.99As0.01,0.0
In2As2Cl2O5,0.0
In2B(PO4)3,0.0
In2Bi3Se7I,0.0
In2FeSe4,0.0
In2GeTe3,0.0
In2Hg6(P2Cl3)3,0.0
In2HgSe4,0.0
In2HgTe4,0.0
In2O3,0.0
In2Se,0.0
In2Se2O7,0.0
In2Se3,0.0
In3AgTe5,0.0
In3Au10,1.0
In3Bi7(Pb2S9)2,1.0
In3CuS5,0.0
In3CuSe5,0.0
In3CuTe5,0.0
In3Pd5,1.0
In3Sb,1.0
In4S5,0.0
In4Se3,0.0
In5AgS8,0.0
In5AgTe8,0.0
In5CuS8,0.0
In5Se6,0.0
In6S7,0.0
In6Se7,0.0
InAg3,1.0
InAgO2,0.0
InAgS2,0.0
InAgSe2,0.0
InAs,0.0
InAu3,1.0
InBi2S4Br,0.0
InBi2S4Cl,0.0
InCuGeSe4,0.0
InCuS2,0.0
InCuSe2,0.0
InCuTe2,0.0
InFe2CuSe4,1.0
InN,0.0
InP,0.0
InPS4,0.0
InPt,1.0
InPt3C,1.0
InS,0.0
InSb,0.0
InSb2S4Br,0.0
InSb2S4Cl,0.0
InSb2Se4Br,0.0
InSe,0.0
InSiTe3,1.0
InSnAsSe,0.0
Ir0.67S2,0.0
Ir0.67Se2,0.0
IrS2,0.0
IrSe2,0.0
IrSeS,0.0
K(CoSe)2,1.0
K(FeAs)2,1.0
K(GeSe2)2,0.0
K(OsO3)2,1.0
K0.8Sn2Hg1.2S8,0.0
K1.25Bi7.25Pb3.5Se15,0.0
K1.46Sn3.09Bi7.45Se15,0.0
K1.83Cd1.83Bi2.17S6,0.0
K10Co4Sn4S17,0.0
K10Fe4Sn4S17,0.0
K10Mn4Sn4S17,0.0
K10Sn3(PSe3)8,0.0
K10Zn4Ge4S17,0.0
K10Zn4Sn4S17,0.0
K2.15Sb8.15Pb1.7Se15,0.0
K2Ag3Sb3S7,0.0
K2AgSnSe4,0.0
K2Au(IO3)5,0.0
K2B10H9O,1.0
K2BaNb2S11,0.0
K2Bi8Se13,0.0
K2Cd(PSe3)2,0.0
K2Cd2Te3,0.0
K2Cd3Te4,0.0
K2Dy2Ti3O10,0.0
K2FeGe3Se8,0.0
K2Gd2Sb2Se9,0.0
K2Gd2Ti3O10,0.0
K2Ge2PbS6,0.0
K2Ge3(BO5)2,0.0
K2Hg(PSe3)2,0.0
K2Hg3(GeS4)2,0.0
K2Hg3Se2.97S1.03,0.0
K2In3AgSe6,0.0
K2In3CuSe6,0.0
K2Mn(SnSe3)2,0.0
K2MnSnSe4,0.0
K2Mo2Se2O11,0.0
K2NbCuS4,0.0
K2Nd2Ti3O10,0.0
K2PAuS4,0.0
K2PdSe10,0.0
K2RbSb,0.0
K2ReH9,0.0
K2RuCl6,1.0
K2S,0.0
K2Sb8Se3,0.0
K2Sm2Ti3O10,0.0
K2SmP2S7,0.0
K2Sn2Hg3S8,0.0
K2Sn3(SbS5)2,0.0
K2Te,0.0
K2Ti(CuS2)2,0.0
K2VAgS4,0.0
K2VCuS4,0.0
K2Zn(SnSe3)2,0.0
K2ZnSn3S8,0.0
K2ZnTe2,0.0
K3(FeS2)2,1.0
K3B6ClO10,0.0
K3Bi2I9,0.0
K3Cd(BO2)5,0.0
K3Cr2(PS4)3,0.0
K3Ga3Ge7S20,0.0
K3Hg,1.0
K3LiNb6O15,1.0
K3NaSn3Se8,0.0
K3Sm(AsS4)2,0.0
K3Sn,1.0
K3Ta2AsS11,0.0
K3Th2Cu3S7,0.0
K3Ti2P5S18,0.0
K4(ZrSe5)3,0.0
K4Ag9(SbS3)4,0.0
K4Al4Si19,0.0
K4C2O3,1.0
K4Ce3Sn3S14,0.0
K4GeS4,0.0
K4GeSe4,0.0
K4Nb2S11,0.0
K6Cd4Sn3Se13,0.0
K6CdTe4,0.0
K6Ta2.93Nb1.07S22,0.0
K6Yb3(PS4)5,0.0
K9Bi13S24,0.0
KAg2,1.0
KAg2AsS3,0.0
KAg2PS4,0.0
KAg2SbS3,0.0
KAgAsS2,0.0
KAgF3,1.0
KAgO,1.0
KAlGeS4,0.0
KAsSe2,0.0
KAu(IO3)4,0.0
KB5PbO9,0.0
KBaAsSe3,0.0
KBaSbSe3,0.0
KBi3S5,0.0
KBiO3,1.0
KBiSe2,0.0
KBr,0.0
KCd4Ga5Se12,0.0
KCeSe4,0.0
KCu2SbS3,0.0
KCu3S2,0.0
KCu4AsS4,0.0
KCuPO4,1.0
KCuSnS3,0.0
KCuSnSe3,0.0
KEuAsS4,0.0
KF,0.0
KFe2BiO5,0.0
KFeCuTe2,0.0
KGaSe2,0.0
KGaSnSe4,0.0
KH(CN2)3,1.0
KH3(SeO3)2,0.0
KHg11,1.0
KI,0.0
KIO3,0.0
KIn(TeO3)2,0.0
KInGeS4,0.0
KInS2,0.0
KInSe2,0.0
KLi(WO3)3,1.0
KLu,1.0
KMo6S7,1.0
KNa2Sb,0.0
KNb2O5,1.0
KNb3(SeO6)2,0.0
KP(HO2)2,0.0
KPAu5S8,0.0
KPSe6,0.0
KRuO4,1.0
KSb,0.0
KSb5S8,0.0
KSbS2,0.0
KSbSe2,0.0
KSc(SeO3)2,0.0
KScO3,1.0
KSi2P3,0.0
KSiBiS4,0.0
KSnAuSe3,0.0
KTa3(TeO6)2,0.0
KTbSe4,0.0
KTeP2,0.0
KThCuS3,0.0
KTi2F7,0.0
KTi5Se8,1.0
KTiPO5,0.0
KTm,1.0
KUClO3,0.0
KUCuSe3,1.0
KV6O11,1.0
KY(TeO3)2,0.0
KYbSe2,1.0
KZn4(BO3)3,0.0
KZrPSe6,0.0
La(FeAs3)4,1.0
La(In2Au)2,1.0
La(InS2)3,0.0
La(Ni2B)6,1.0
La(SiOs)2,1.0
La(SiRu)2,1.0
La1.86Tb1.14Ga1.67S7,0.0
La10Se14O,0.0
La10Si8O3,1.0
La16Mn15O48,1.0
La1Se0.14S1.86,0.0
La2.1Bi5.9Pb2S14,0.0
La20Cu9O40,1.0
La2B4Rh5,1.0
La2Fe(SeO)2,0.0
La2Fe2I,1.0
La2Ga2GeS8,0.0
La2Ge2Se7,0.0
La2Ge5Ir3,1.0
La2HfS5,0.0
La2Mn(SeO)2,0.0
La2Nb2N2O5,1.0
La2Ni5B4,1.0
La2PI2,1.0
La2Pr2O7,1.0
La2Rh7,1.0
La2S3,0.0
La2Se3,0.0
La2Si5Rh3,1.0
La2TiCoO6,0.0
La2VCoO6,0.0
La2VNiO6,0.0
La2YbCuS5,0.0
La2ZrS5,0.0
La3(OsO5)2,1.0
La3AlN,1.0
La3CuGeSe7,0.0
La3Ga1Ge0.5S7,0.0
La3In1Ge0.5S7,0.0
La3Mg0.5Sn1S14,0.0
La3Mo4O16F,0.0
La3NiBr3,1.0
La3Si1Sb0.33S7,0.0
La3Si1Sb0.33Se7,0.0
La4Co3O10,1.0
La4Fe(SbS5)2,0.0
La4Fe(SbSe5)2,0.0
La4In5S13,1.0
La4InSbS9,0.0
La4InSbSe9,0.0
La5Cu6.33S7O4,0.0
La5SmS8,1.0
La5YbS8,1.0
La6Sb4(SO4)3,0.0
La8Mn7O24,1.0
La8Sb2S15,0.0
LaAl12O19,1.0
LaB6,0.0
LaBeB3O7,0.0
LaCdAg2,1.0
LaCu6,1.0
LaCuSO,0.0
LaCuSeO,0.0
LaF3,0.0
LaGa,1.0
LaGa3Pd2,1.0
LaGaO3,0.0
LaGeI,1.0
LaH2NO5,0.0
LaHg,1.0
LaIn2Ir,1.0
LaIn5Ir,1.0
LaMg(FeO3)2,1.0
LaNbN2O,0.0
LaP,0.0
LaPt5,1.0
LaRe2Ag,1.0
LaReB,1.0
LaSi,1.0
LaSi2Ru,1.0
LaSn3Ru,1.0
LaTaN2O,0.0
LaV,1.0
LaVI5O16,0.0
LaYbZn2,1.0
LaZnAsO,0.0
LaZnAu2,1.0
Li(CuO)3,1.0
Li(NiO2)4,1.0
Li0.33Ag1Sn0.67O2,0.0
Li0.33Ti0.67Ag1O2,0.0
Li11Mn13O32,1.0
Li13Ti22O48,1.0
Li14Ti21O48,1.0
Li15(FeO4)4,1.0
Li15Mn2O12,1.0
Li17Nb20O60,1.0
Li17Ti20O40,1.0
Li2(FeO2)5,1.0
Li2(LuGe)3,1.0
Li2(NiO2)3,1.0
Li23(MnAs)20,1.0
Li2B4O7,0.0
Li2CdGe,0.0
Li2CdGeS4,0.0
Li2CdSnS4,0.0
Li2Co4O7F,1.0
Li2CrCo3O8,1.0
Li2Cu2S3,1.0
Li2CuF6,1.0
Li2DyIn,1.0
Li2EuSn,1.0
Li2Fe3CoO8,1.0
Li2Fe3NiO8,1.0
Li2FeGeS4,0.0
Li2FeSnS4,0.0
Li2Ga(GeSe3)2,0.0
Li2Ga2GeS6,0.0
Li2HgGeS4,0.0
Li2In2GeS6,0.0
Li2In2SiS6,0.0
Li2In2SiSe6,0.0
Li2InAg,1.0
Li2MgHg,1.0
Li2MgIn,1.0
Li2MnGeS4,0.0
Li2MnNi3O8,1.0
Li2MnO2F,1.0
Li2Mo2Se2O11,0.0
Li2Nb2(PO4)3,1.0
Li2NdAs2,1.0
Li2Ni2SbO6,1.0
Li2Ni3TeO8,1.0
Li2Ni5(PO4)4,1.0
Li2PmGe,1.0
Li2PrIn,1.0
Li2PrP2,1.0
Li2PtO3,0.0
Li2Si4Ni5O14,1.0
Li2SiHgS4,0.0
Li2SnHgS4,0.0
Li2SnIr,1.0
Li2Ti3FeO8,1.0
Li2TiMn3O8,1.0
Li2TlAg,1.0
Li2U(MoO5)2,1.0
Li2V2F7,1.0
Li2V3CrO8,1.0
Li2YbPb,1.0
Li2ZnGe,0.0
Li2ZnGeSe4,0.0
Li2ZnSnSe4,0.0
Li3(CoO2)4,1.0
Li3(CuO)4,1.0
Li3(CuO2)2,1.0
Li3AlP2,0.0
Li3AlTe4O11,0.0
Li3Co(NiO2)4,1.0
Li3Co3SbO8,1.0
Li3Co4TeO8,1.0
Li3Cu4NiO8,1.0
Li3Fe(SbO3)4,1.0
Li3Fe2SbO6,1.0
Li3FeNi3O8,1.0
Li3FeS3,1.0
Li3FeTe4O11,0.0
Li3Mn(CuO3)2,1.0
Li3Mn(NiO3)2,1.0
Li3Mn2(CoO4)2,1.0
Li3Mn2(PO4)3,1.0
Li3Mn2CuO6,1.0
Li3Mn3NiO8,1.0
Li3Mn3WO8,1.0
Li3Mn4(PO4)6,1.0
Li3Mn4O8,1.0
Li3MnAs2,1.0
Li3Mo2P5O18,1.0
Li3Ni(SbO3)4,1.0
Li3Ni3(PO4)4,1.0
Li3ScN2,0.0
Li3Ti2(PO4)3,1.0
Li3V4FeO12,1.0
Li3V4NiO12,1.0
Li3VOF5,1.0
Li4(FeO2)9,1.0
Li4.5Cr0.5Te1O6,0.0
Li4.5Fe0.5Te1O6,0.0
Li4.5Mn0.5Te1O6,0.0
Li4Co2Ni3O10,1.0
Li4Co3CuO8,1.0
Li4CrO5,1.0
Li4Cu(PO4)2,1.0
Li4Fe2Cu3O10,1.0
Li4Fe3NiO8,1.0
Li4FeNi3O8,1.0
Li4HgGe2S7,0.0
Li4Mn(WO4)3,1.0
Li4Mn5Cu3O16,1.0
Li4Mn5Nb3O16,1.0
Li4Mn5Ni3O16,1.0
Li4NbNi3O8,1.0
Li4Ni2(PO4)3,1.0
Li4Ni3BiO8,1.0
Li4Ti5Cr3O16,1.0
Li4TiCr3O8,1.0
Li4V5Cu3O16,1.0
Li4VF7,1.0
Li4WO5,1.0
Li5(BiO3)4,1.0
Li5Co2Ni3O10,1.0
Li5Co2O2F5,1.0
Li5Cr2Ni5O12,1.0
Li5Fe2Ni3O10,1.0
Li5Fe6(BO3)6,1.0
Li5La3Nb14O42,1.0
Li5Mn2Cu5O12,1.0
Li5Mn3(FeO5)2,1.0
Li5Mn5(SbO6)2,1.0
Li5Mn6(BO3)6,1.0
Li6(NiO2)5,1.0
Li6Fe3Co7O20,1.0
Li6Fe9CoO20,1.0
Li6Mn5CoO12,1.0
Li6Mn5FeO12,1.0
Li7(Mo3S4)4,1.0
Li7Ca8Nb12O40,1.0
Li7Ti16O32,1.0
Li7Ti5O12,1.0
Li7Ti7O16,1.0
Li8BiS6,1.0
Li8GeN4,0.0
Li8IrO6,1.0
Li8PO3,1.0
Li8PrO6,1.0
Li8Ti16CuS32,1.0
Li9Fe3(WO4)7,1.0
Li9Ga13(Te7O22)3,0.0
LiAl2Tc,1.0
LiAl3,1.0
LiAlB14,0.0
LiAlB4,1.0
LiAsS2,0.0
LiAsSe2,0.0
LiB3,0.0
LiB3O5,0.0
LiB9PbO15,0.0
LiBePt2,1.0
LiBi2(PO4)3,1.0
LiBiS2,0.0
LiBr,0.0
LiCa2Ga,1.0
LiCa2Mg,1.0
LiCa3As2H,0.0
LiCaO3,1.0
LiCdBO3,0.0
LiCl,0.0
LiCo(CO3)2,1.0
LiCo7O7F,1.0
LiCoS2,1.0
LiCu2(CO3)2,1.0
LiCu2Ge,1.0
LiCu5P3O13,1.0
LiCuO2,1.0
LiCuPO4,1.0
LiEr2Ga,1.0
LiErAu2,1.0
LiEuH3,0.0
LiFe2(PO4)3,1.0
LiFe2(SiO4)2,1.0
LiGa(GeSe3)2,0.0
LiGaAg2,1.0
LiGaO2,0.0
LiGaPd2,1.0
LiGaS2,0.0
LiGaSe2,0.0
LiGaTe2,0.0
LiHf2Ir,1.0
LiHg2Pd,1.0
LiHoO3,1.0
LiI,0.0
LiIn(IO3)4,0.0
LiIn2Rh,1.0
LiInAg2,1.0
LiInS2,0.0
LiInSe2,0.0
LiInSn,1.0
LiInTe2,0.0
LiLu2Ga,1.0
LiLu2Pd,1.0
LiLu2Ru,1.0
LiLu2Tc,1.0
LiMg2Ag,1.0
LiMgAs,0.0
LiMgBi,0.0
LiMn(PO4)2,1.0
LiMn2(PO4)2,1.0
LiMn4O8,1.0
LiMn9Se10,1.0
LiMnCoO4,1.0
LiMnCuO4,1.0
LiMnO2,1.0
LiMnP2O7,1.0
LiMnSiO4,1.0
LiMo3O8,1.0
LiMoIO6,0.0
LiNb3(BiO3)4,0.0
LiNbO3,0.0
LiPm2Al,1.0
LiPm2Ga,1.0
LiPm2Ir,1.0
LiPm2Si,1.0
LiSbS2,0.0
LiSbSe2,0.0
LiSbTe2,0.0
LiScHg2,1.0
LiSiB6,0.0
LiSiPd2,1.0
LiSiRh2,1.0
LiSm3SiS7,0.0
LiSn(PO3)4,1.0
LiSn4Ir,1.0
LiSnAu,1.0
LiTa3(BiO3)4,0.0
LiTaO3,0.0
LiTaRh2,1.0
LiThAu2,1.0
LiTi11O20,1.0
LiTlPd2,1.0
LiTm2Rh,1.0
LiTmSn,1.0
LiV3O4,1.0
LiY2Ru,1.0
LiYbPb,1.0
LiZn2GaO4,0.0
LiZnBO3,0.0
LiZnN,0.0
Lu(InS2)3,0.0
Lu(SiOs)2,1.0
Lu2AgAu,1.0
Lu2Al3Co,1.0
Lu2AlTc,1.0
Lu2CdAg,1.0
Lu2CdIn,1.0
Lu2CrS4,0.0
Lu2FeS4,1.0
Lu2InHg,1.0
Lu2MgHg,1.0
Lu2Mn12P7,1.0
Lu2Mo2C3,1.0
Lu2O3,0.0
Lu2TlCu3Se5,0.0
Lu3BC3,1.0
Lu3Ga,1.0
Lu3InN,1.0
Lu4C7,1.0
Lu5(Si5Ir2)2,1.0
Lu5Si3B,1.0
LuAg2,1.0
LuAlAg2,1.0
LuBPd3,1.0
LuC2,1.0
LuCd4B3O10,0.0
LuCdAg2,1.0
LuGaRh2,1.0
LuGe2,1.0
LuHfRu2,1.0
LuIr,1.0
LuMnSi,1.0
LuP,0.0
LuPt3,1.0
LuScRh2,1.0
LuScRu2,1.0
LuScZn2,1.0
LuSiIr,1.0
LuU2S3O2,1.0
Mg(As2Rh3)2,1.0
Mg(FeS2)2,1.0
Mg(SnO2)4,1.0
Mg(TiS2)4,1.0
Mg10B16Ir19,1.0
Mg17Al11Pd,1.0
Mg2AgIr,1.0
Mg2Co,0.0
Mg2CrN2,1.0
Mg2CuWO6,1.0
Mg2Ga,1.0
Mg2Ge,0.0
Mg2GeB2Rh5,1.0
Mg2MnN2,1.0
Mg2Pb,0.0
Mg2Sn,0.0
Mg2TcO4,1.0
Mg2V9O13,1.0
Mg3(MnAl9)2,1.0
Mg3(Ni10B3)2,1.0
Mg3(Ni10P3)2,1.0
Mg3Al9FeSi5,1.0
Mg3As2,0.0
Mg3AsN,0.0
Mg3Ga7Co2,1.0
Mg3Ge,1.0
Mg3N2,0.0
Mg3Rh,1.0
Mg3Ru2,1.0
Mg3Sb2,0.0
Mg3Tl,1.0
Mg5As,1.0
Mg5B3O9F,0.0
Mg5Ti13O30,1.0
MgAgAs,1.0
MgCo2(PO5)2,1.0
MgCu2GeS4,0.0
MgCu2SiS4,0.0
MgCuBi,1.0
MgCuSb,1.0
MgCuSn,1.0
MgF2,0.0
MgGeN2,0.0
MgIn3,1.0
MgInAg2,1.0
MgMnRh2,1.0
MgNiSb,1.0
MgPt5,1.0
MgRh2Pb,1.0
MgRhF6,1.0
MgSbF6,1.0
MgSbPt,1.0
MgSc,1.0
MgScAg2,1.0
MgSe,0.0
MgSi7Ir3,1.0
MgSiN2,0.0
MgTe,0.0
MgTl,1.0
MgV4O6,1.0
MgZn2,1.0
Mn(BW)2,1.0
Mn(PbO2)2,0.0
Mn(SbO2)2,0.0
Mn(SbO3)2,1.0
Mn(SbSe2)2,0.0
Mn0.05Te1Pb0.95,0.0
Mn11Si19,0.0
Mn15Si26,0.0
Mn2AlB2,1.0
Mn2AlO4,1.0
Mn2CoAs,1.0
Mn2CoGe,1.0
Mn2Cu(PO4)3,1.0
Mn2GeS4,1.0
Mn2Hg5,1.0
Mn2Nb,1.0
Mn2OF3,1.0
Mn2P,1.0
Mn2Tl2O7,1.0
Mn2VSi,1.0
Mn3(OF3)2,1.0
Mn3Al10,1.0
Mn3NbO8,1.0
Mn3NiN,1.0
Mn3PdN,1.0
Mn3SbO8,1.0
Mn3V2(SiO4)3,1.0
Mn5As4,1.0
Mn5O3F5,1.0
Mn5O7,1.0
Mn7O7F,1.0
MnAl3,0.0
MnAlAu2,1.0
MnAs,1.0
MnCdO2,1.0
MnCoSi,1.0
MnCu2Sn,1.0
MnCu3,1.0
MnF2,0.0
MnFeAs,1.0
MnFeCoGe,1.0
MnGaNi2,1.0
MnGaPt,1.0
MnGePd,1.0
MnI2,0.0
MnIn2PbS5,0.0
MnInCu2,1.0
MnNbO4,1.0
MnNi,1.0
MnNiP,1.0
MnO,0.0
MnO2,0.0
MnP2,1.0
MnP4,0.0
MnPSe3,0.0
MnS,1.0
MnSb3(PO4)6,1.0
MnSbPd,1.0
MnSbRh2,1.0
MnSe,0.0
MnSi,0.0
MnSiNi2,1.0
MnTcOs,1.0
MnTe,0.0
MnTe9,0.0
MnTePd,1.0
MnV(TeO4)2,0.0
Mo3Pd2N,1.0
Mo5As4,1.0
MoO3,0.0
MoSe2,0.0
Na(GeP)3,0.0
Na0.5Ge1Pb1.75S4,0.0
Na0.5Ge1Pb1.75Se4,0.0
Na0.75Eu1.625Ge1Se4,0.0
Na0.8Li0.2As1Se2,0.0
Na10(Ga2Sn)3,1.0
Na15Sn4,1.0
Na19Zr11S30,1.0
Na2Be4B4O11,0.0
Na2CdSnS4,0.0
Na2Cl,1.0
Na2Cr7O14,1.0
Na2EuGeSe4,0.0
Na2Ga2GeS6,0.0
Na2Hg3(GeS4)2,0.0
Na2Hg3Se1.49S2.51,0.0
Na2In,1.0
Na2In2GeS6,0.0
Na2In2GeSe6,0.0
Na2In2SiS6,0.0
Na2In4Se6S,0.0
Na2In5Au6,1.0
Na2LiTa,1.0
Na2Mo2Se2O11,0.0
Na2Pt(IO3)6,0.0
Na2S,0.0
Na2SO4,1.0
Na2Sn2Hg3S8,0.0
Na2Te,0.0
Na2TeS3,0.0
Na2TeSe3,0.0
Na2Ti2Sb2O,1.0
Na2Ti3O7,0.0
Na2Tl,1.0
Na2V6O13,1.0
Na2Zn(GeSe3)2,0.0
Na2Zn(SnS3)2,0.0
Na3(WO3)4,1.0
Na3In2Au,1.0
Na3Tl,1.0
Na3WClO4,0.0
Na4Al4Si19,0.0
Na4Mg(GeSe3)2,0.0
Na5Cu7O13,1.0
Na5Fe6(SiO3)12,1.0
Na5Gd(MoO4)4,0.0
Na6CoSe4,1.0
Na6FeS4,1.0
Na7(CoO3)2,0.0
Na8(CuO2)5,1.0
Na8Hg3,1.0
Na8PO3,1.0
Na9(WO3)16,1.0
NaAlGeS4,0.0
NaAsO3,1.0
NaAsS2,0.0
NaAsSe2,0.0
NaB15,0.0
NaBiS2,0.0
NaBiSe2,0.0
NaBr,0.0
NaC,1.0
NaCd2Au,1.0
NaCd4P3,0.0
NaCdAsS3,0.0
NaCdO3,1.0
NaCdSb,1.0
NaCeS2,1.0
NaCeS3,0.0
NaEuO2,1.0
NaF,0.0
NaFe2(SiO3)4,1.0
NaFe2O3,1.0
NaH3(SeO3)2,0.0
NaHg,1.0
NaI,0.0
NaIn(IO3)4,0.0
NaIn3Se5,0.0
NaInS2,0.0
NaInSe2,0.0
NaInTe2,0.0
NaIrPb,1.0
NaLa2TaO6,0.0
NaLaS3,0.0
NaLi3,1.0
NaLu(Pd3O4)2,1.0
NaNO2,0.0
NaNi2O3,1.0
NaSb,0.0
NaSb(PS3)2,0.0
NaSbSe2,0.0
NaSi2Pd3,1.0
NaSm(PS3)2,0.0
NaTa3,1.0
NaTl,1.0
NaY(Te2O5)2,0.0
NaYb(PS3)2,0.0
NaZrCuTe3,1.0
Nb17Ir3S40,1.0
Nb2(CoO3)3,1.0
Nb2AgPS10,0.0
Nb2Cr4Si5,1.0
Nb2Sb,1.0
Nb2Tl4S11,0.0
Nb3(Fe10B3)2,1.0
Nb3B2,1.0
Nb3CuO8,0.0
Nb3In,1.0
Nb3IrSe8,1.0
Nb3Os,1.0
Nb3V(PO4)6,1.0
Nb40N21O16,1.0
Nb4Co2PdSe12,1.0
Nb5Ga4,1.0
Nb5Ge3,1.0
Nb6Co7,1.0
Nb6VSb3O25,0.0
NbCrN,1.0
NbCrW,1.0
NbCu3Se4,0.0
NbCuO3,0.0
NbHg3F6,1.0
NbOsPb,1.0
NbPt2,1.0
NbRu2Cl,1.0
NbSe2,0.0
NbSi2,1.0
NbSnIr,0.0
Nd(Al4Co)2,1.0
Nd(AsPd)2,1.0
Nd(CoGe)2,1.0
Nd(CoSi)2,1.0
Nd(CrSi)2,1.0
Nd(InS2)3,0.0
Nd(NiSn)2,1.0
Nd(Re2Si)2,1.0
Nd(SiIr)2,1.0
Nd1.33Lu0.67S3,0.0
Nd2CdIn,1.0
Nd2Fe14B,1.0
Nd2Ge5Rh3,1.0
Nd2IrPd,1.0
Nd2Ni7P4,1.0
Nd2O3,0.0
Nd2WC2,1.0
Nd2ZnGa,1.0
Nd3(GeRu)2,1.0
Nd3AlC,1.0
Nd3Ge5,1.0
Nd3In,1.0
Nd3Ni13B2,1.0
Nd3Te4,0.0
Nd3Zr,1.0
Nd4(GeS4)3,0.0
Nd4Ge3Rh4,1.0
Nd4Mg3Co2,1.0
Nd4MgRu,1.0
Nd4O3F7,1.0
Nd5Ge3,1.0
NdAgAs2,1.0
NdAl7Au3,1.0
NdAs,0.0
NdAu3,1.0
NdBi,1.0
NdCrGe3,1.0
NdCu3(RuO3)4,1.0
NdCuSO,0.0
NdCuTeO,0.0
NdErTl2,1.0
NdErZn2,1.0
NdF3,0.0
NdGa2Ni,1.0
NdIn3,1.0
NdIn5Rh,1.0
NdInAu,1.0
NdLuSe3,0.0
NdMg2,1.0
NdMg2Ni9,1.0
NdMgNi4,1.0
NdMnSbO,1.0
NdMoO4F,0.0
NdPt,1.0
NdRh,1.0
NdSb,1.0
NdSbPd,1.0
NdScGe,1.0
NdSn2,1.0
NdSnRh,1.0
NdTe,1.0
NdTiGe,1.0
NdTlAg2,1.0
NdTlPd,1.0
Ni(CN)2,0.0
Ni(PO3)4,1.0
Ni23B6,1.0
Ni2Mo3N,1.0
Ni2Mo4C,1.0
Ni2Mo4N,1.0
Ni2PO5,1.0
Ni3Pt,1.0
Ni3S4,1.0
Ni4(PO4)3,1.0
NiAgO2,1.0
NiCO4,1.0
NiGePt2,1.0
NiN,1.0
NiO,0.0
NiP2,0.0
NiS2,0.0
OsS2,0.0
P2H4RhO9,1.0
P2Ir,0.0
P2O5,1.0
P2Pd,0.0
P2Pd3S8,0.0
P2Pt,0.0
P2Ru,0.0
P2Se3,0.0
P2Se5,0.0
P4Os,0.0
P4Ru,0.0
PH2NO2,1.0
PH6NO4,0.0
PPdS,0.0
PPdSe,0.0
PSe,0.0
Pb17(Cl9O4)2,0.0
Pb1Se0.5S0.5,0.0
Pb1Se0.95S0.05,0.0
Pb1Se0.99S0.01,0.0
Pb1Se0.9S0.1,0.0
Pb2O3,0.0
Pb2SeN2O9,0.0
Pb3O4,0.0
Pb3Se2(BrO3)2,0.0
PbBr2,0.0
PbCl2,0.0
PbI2,0.0
PbN6,0.0
Pd(IO3)2,0.0
Pd2N,1.0
PdO,0.0
PdS,0.0
PdS2,0.0
PdSe,0.0
Pm2CuGe,1.0
Pm2IrRh,1.0
PmCd3,1.0
PmDy3,1.0
PmGaAu2,1.0
PmHgAu2,1.0
PmMgAu2,1.0
PmSnRh2,1.0
Pr(BRu)2,1.0
Pr(CoAs)2,1.0
Pr(InS2)3,0.0
Pr(MnSi)2,1.0
Pr1.29Lu0.71S3,0.0
Pr10Se14O,0.0
Pr1Te1.9,0.0
Pr2Au,1.0
Pr2CdSn,1.0
Pr2Co12P7,1.0
Pr2Ge2Se7,0.0
Pr2GeSe5,0.0
Pr2HgPb,1.0
Pr2InGe2,1.0
Pr2Ir2O7,1.0
Pr2Se3,0.0
Pr2Te3,0.0
Pr2Te4O11,0.0
Pr3(Al2Si3)2,1.0
Pr3Cd,1.0
Pr3I,1.0
Pr4MgRu,1.0
Pr4Sb3,1.0
Pr4Te7,0.0
Pr5In11Ni6,1.0
Pr5Si4,1.0
Pr6Fe13Si,1.0
Pr7Mn8O24,1.0
Pr9(SbO)5,1.0
PrAgAs2,1.0
PrAs,0.0
PrAu,1.0
PrB4,1.0
PrB6,0.0
PrBN2,0.0
PrCd,1.0
PrErMg2,1.0
PrFeGe2,1.0
PrGe5,1.0
PrGeAu,1.0
PrIn,1.0
PrLuIn2,1.0
PrLuSe3,0.0
PrMgAg2,1.0
PrMgGa,1.0
PrMo3,1.0
PrNiGe2,1.0
PrO,0.0
PrP,1.0
PrSb,0.0
PrSbPt,1.0
PrTaN2O,0.0
PrTe2,0.0
PrTl2InSe4,0.0
PrTlSe2,0.0
PrTmTl2,1.0
Pt3Pb,1.0
Pt3PbC,1.0
PtS,0.0
PtS2,0.0
PtSe2,0.0
Rb1.45Sb7.45Pb3.1Se15,0.0
Rb1.54Cd1.54Bi2.46S6,0.0
Rb15Hg16,1.0
Rb28(Mg3In17)3,1.0
Rb2AgPS4,0.0
Rb2BaNb2Se11,0.0
Rb2Cd(IBr)2,0.0
Rb2Cd(PSe3)2,0.0
Rb2Cd3(B4O7)4,0.0
Rb2Cd3S4,0.0
Rb2Cd3Se4,0.0
Rb2CrF6,1.0
Rb2Cu2Sb2S5,0.0
Rb2Cu2SnS4,0.0
Rb2FeI4,1.0
Rb2Hg(PSe3)2,0.0
Rb2Hg3(GeS4)2,0.0
Rb2Na2IrO4,1.0
Rb2NaNiF6,1.0
Rb2NaVF6,1.0
Rb2PS5,0.0
Rb2Pt(IO3)6,0.0
Rb2SCl6F,1.0
Rb2Sn3(SbS5)2,0.0
Rb2Tb3AlF16,1.0
Rb2Te,0.0
Rb2TeBr6,0.0
Rb2TeI6,0.0
Rb2Ti(AgS2)2,0.0
Rb2Ti(CuS2)2,0.0
Rb2Zn3(SeO3)4,0.0
Rb3Ag9(PS4)4,0.0
Rb3Al3Ge7S20,0.0
Rb3Al3Ge7Se20,0.0
Rb3Bi2Br9,0.0
Rb3Bi2I9,0.0
Rb3Cd(BO2)5,0.0
Rb3Ga,1.0
Rb3Li4(BO2)7,0.0
Rb3Mn,1.0
Rb3Na(MoO4)2,0.0
Rb3Nb2AsSe11,0.0
Rb3Sb2Br9,0.0
Rb3Sb2I9,0.0
Rb3Ta2AsS11,0.0
Rb3Tm,1.0
Rb4Ag9(SbS3)4,0.0
Rb4Ga4Si19,0.0
Rb4Ge(PSe3)4,0.0
Rb4Ge3B6O17,0.0
Rb4Ti3S14,0.0
Rb5(W4O15)2,1.0
Rb5B(SO4)4,0.0
Rb5Li6(BO2)11,0.0
Rb5Tl3O,1.0
Rb7Th2(P2Se7)3,0.0
RbAg2SbS4,0.0
RbAg2TeS6,0.0
RbAg5(PS4)2,0.0
RbAgF3,1.0
RbB5(H2O3)4,1.0
RbBa2(PO3)5,0.0
RbBi2,1.0
RbBi3Se5,0.0
RbBiS2,0.0
RbBiSe2,0.0
RbC8,1.0
RbCaBO3,0.0
RbCd13,1.0
RbCd4Ga5S12,0.0
RbCd4Ga5Se12,0.0
RbCl,0.0
RbCu(SbS2)2,0.0
RbCu2AsS3,0.0
RbCu2SbS3,0.0
RbCu4AsS4,0.0
RbCuPdF5,1.0
RbCuSnS3,0.0
RbCuSnSe3,0.0
RbEuO2,1.0
RbF,0.0
RbGaSnSe4,0.0
RbGe3,1.0
RbGeB3O7,0.0
RbHg3,1.0
RbHgSbTe3,0.0
RbI,0.0
RbIn4,1.0
RbIn5S6,0.0
RbInGeS4,0.0
RbInSnS4,0.0
RbMn4Ga5Te12,0.0
RbMoPO6,0.0
RbNa2NiO2,1.0
RbNa2Sb,0.0
RbNb3(TeO6)2,0.0
RbNb4Br11,0.0
RbNbSe2O7,0.0
RbPPbO4,0.0
RbPSe6,0.0
RbSbSe2,0.0
RbTa3(TeO6)2,0.0
RbTbSe2,0.0
RbTiBr3,1.0
RbTmO3,1.0
RbU2SbS8,1.0
RbUAgS3,1.0
RbV(CuS2)2,0.0
RbVP2S7,1.0
RbWO3,1.0
RbYbZnSe3,0.0
RbZn4In5Se12,0.0
RbZrPSe6,0.0
Re(TeCl6)2,1.0
Re2PbO6,1.0
Re2RuBr,1.0
Re3F,1.0
Re3P4,1.0
Re5(NiAs6)2,1.0
ReBiO3,1.0
ReCl4,1.0
ReF6,1.0
ReIr3,1.0
ReO3,0.0
ReOsRu,1.0
RePO5,1.0
ReSe2,0.0
ReSi2,0.0
Rh3Pb,1.0
RhS3,0.0
RhSe2,0.0
RhSeS,0.0
Ru3Cl,1.0
RuS2,0.0
RuSe2,0.0
Sb2Ru,0.0
Sb2S3,0.0
Sb2Se3,0.0
Sb2Te,1.0
Sb2Te3,0.0
Sb2XeF14,1.0
Sb4Pb4S11,1.0
Sb6Pb4Se13,0.0
Sb6Pb6Se17,0.0
Sb8I2O11,0.0
SbAs,0.0
SbI3,0.0
SbOsS,0.0
SbOsSe,0.0
SbPt3,1.0
SbRh3,1.0
SbRuSe,0.0
SbSBr,0.0
SbSI,0.0
SbSeBr,0.0
SbSeI,0.0
SbTeI,0.0
SbTeOs,0.0
SbTeRh,0.0
SbTeRu,0.0
Sc(CuSe)3,0.0
Sc(GaFe)6,1.0
Sc(VGa2)2,1.0
Sc2(PO4)3,1.0
Sc2CuRu,1.0
Sc2Fe,0.0
Sc2FeB2Ir5,1.0
Sc2GaAg,1.0
Sc2GaIr,1.0
Sc2MnC,1.0
Sc2O3,0.0
Sc2S3,0.0
Sc2TlTc,1.0
Sc3(MnGa3)2,1.0
Sc3(ReSi2)2,1.0
Sc3BPb,1.0
Sc3C4,1.0
Sc3Fe2Si3,1.0
Sc3GaC,1.0
Sc4Ge6Rh7,1.0
Sc5Bi3,1.0
Sc5NCl8,1.0
Sc6NiTe2,1.0
Sc6Te2Os,1.0
ScAg,1.0
ScAg(PSe3)2,0.0
ScBIr3,1.0
ScBPd3,1.0
ScCd,0.0
ScCdAg2,1.0
ScCrO4,1.0
ScCu2,1.0
ScCuO2,0.0
ScGa2,1.0
ScGe2,1.0
ScHg,0.0
ScN,0.0
ScNiSb,0.0
ScPPt,1.0
ScRh,1.0
ScSbRh2,1.0
ScSbRu2,1.0
ScSi3Ni,1.0
ScSnPd,1.0
ScTiNbO6,0.0
ScTlS2,0.0
ScZn2,1.0
ScZnNi2,1.0
ScZnPt2,1.0
Si0.03Ge0.97,0.0
Si0.0645Ge0.9355,0.0
Si0.07Ge0.93,0.0
Si0.109Ge0.891,0.0
Si0.1Ge0.9,0.0
Si0.226Ge0.774,0.0
Si0.2Ge0.8,0.0
Si0.347Ge0.653,0.0
Si0.3Ge0.7,0.0
Si0.4Ge0.6,0.0
Si0.7Ge0.3,0.0
Si0.98Ge0.02,0.0
Si0.9Ge0.1,0.0
Si2Ni6B,1.0
Si2NiP3,1.0
Si2Pd9,1.0
Si2Ru,1.0
Si2SbO6,1.0
Si2Te3,0.0
Si3N4,0.0
SiAs,0.0
SiAs2,0.0
SiB3,0.0
SiGe,0.0
SiHg3,1.0
SiP,0.0
SiSb,0.0
SiSb3,1.0
SiSe2,0.0
SiTe2,0.0
SiTe2Os,1.0
SiW3,1.0
Sm(BOs)2,1.0
Sm(CoSi)2,1.0
Sm(CuS)3,0.0
Sm(CuTe)3,0.0
Sm(ErSe2)3,0.0
Sm(InS2)3,0.0
Sm(MnGe)2,1.0
Sm(NiSn)2,1.0
Sm(SiAg)2,1.0
Sm1.82Lu2.18Se6,0.0
Sm2(PPt2)3,1.0
Sm2AgRu,1.0
Sm2AlCd,1.0
Sm2Cu4Sn5,1.0
Sm2Fe17,1.0
Sm2IO2,1.0
Sm2In,1.0
Sm2Mn3(SbS3)4,0.0
Sm2Mo2O7,1.0
Sm2O3,0.0
Sm2S3,0.0
Sm2Tl,1.0
Sm2TlHg,1.0
Sm2TlZn,1.0
Sm3(Sb7Te12)2,1.0
Sm3B(SO)3,0.0
Sm3Te4,0.0
Sm4Al23Ni6,1.0
Sm4In21Pd10,1.0
Sm4InSbS9,0.0
Sm4MgRh,1.0
Sm5Br11,1.0
Sm6Br13,1.0
SmAg,1.0
SmAlCu,1.0
SmAs2Au,1.0
SmAu3,1.0
SmB(SbO4)2,0.0
SmB66,0.0
SmBiW2O9,0.0
SmC10,1.0
SmCo2,1.0
SmCoC2,1.0
SmCuO3,1.0
SmCuSO,0.0
SmCuSe2,0.0
SmCuSeO,0.0
SmCuSi,1.0
SmHgPd,1.0
SmHoHg2,1.0
SmHoZn2,1.0
SmIn2Rh,1.0
SmInAu,1.0
SmMg3,1.0
SmMgHg2,1.0
SmNiC2,1.0
SmP,0.0
SmPbAu,1.0
SmS,0.0
SmSb2,1.0
SmSi3Pt5,1.0
SmSnRh2,1.0
SmSnTe2,0.0
SmTe,0.0
SmTh3,1.0
SmTmZn2,1.0
Sn(PO3)3,1.0
Sn0.001Te1Pb0.999,0.0
Sn0.01Pb0.99Se1,0.0
Sn0.01Te1Pb0.99,0.0
Sn0.03Pb0.97Se1,0.0
Sn0.03Te1Pb0.97,0.0
Sn0.06Pb0.94Se1,0.0
Sn0.06Te1Pb0.94,0.0
Sn0.07Pb0.93Se1,0.0
Sn0.08Te0.08Pb0.92Se0.92,0.0
Sn0.13Pb0.87Se1,0.0
Sn0.15Pb0.85Se1,0.0
Sn0.15Te1Pb0.85,0.0
Sn0.17Te1Pb0.83,0.0
Sn0.23Te1Pb0.77,0.0
Sn0.25Pb0.75Se1,0.0
Sn0.25Te1Pb0.75,0.0
Sn0.2Pb0.8Se1,0.0
Sn0.2Te0.2Pb0.8Se0.8,0.0
Sn0.2Te1Pb0.8,0.0
Sn0.35Te0.35Pb0.65Se0.65,0.0
Sn1Se0.01S0.99,0.0
Sn1Se0.2S0.8,0.0
Sn1Se0.6S0.4,0.0
Sn1Se0.75S0.25,0.0
Sn1Se0.99S0.01,0.0
Sn2BiS2I3,0.0
Sn2BiSI5,0.0
Sn2SbS2I3,0.0
Sn2WO5,0.0
Sn3As2,0.0
Sn3P3O13,1.0
Sn3Pd,1.0
Sn3WO6,0.0
Sn5(BRh3)2,1.0
SnAs3,1.0
SnB,1.0
SnBr2,0.0
SnCl2,0.0
SnGe,0.0
SnHgO3,0.0
SnI4,0.0
SnO,0.0
SnPt3C,1.0
SnS,0.0
SnSb3(PO4)4,1.0
SnSe,0.0
SnTe,0.0
Sr(CeSe2)2,1.0
Sr(CoP)2,1.0
Sr(In4Rh)2,1.0
Sr(LaS2)2,0.0
Sr(NdS2)2,0.0
Sr(PrS2)2,0.0
Sr(RuO3)2,1.0
Sr(YbS2)2,1.0
Sr0.5Ta1O3,0.0
Sr2Be2B2O7,0.0
Sr2Co2O5,1.0
Sr2CoReO6,1.0
Sr2La2Pt1O7.13,0.0
Sr2MgIrO6,1.0
Sr2MgReO6,1.0
Sr2Pr2Pt1O7.07,0.0
Sr2ScSbO6,0.0
Sr2SmTaO6,0.0
Sr2TiO4,0.0
Sr2V2(SeO5)3,0.0
Sr2V3Se5O18,0.0
Sr2YReO6,1.0
Sr2ZnReO6,1.0
Sr3(SnIr)4,1.0
Sr3Bi(PO4)3,0.0
Sr3Co2S2O5,1.0
Sr3Eu(PO4)3,0.0
Sr3Ge(SbSe4)2,0.0
Sr3Li4La5O12,1.0
Sr3Sb2,1.0
Sr3Se3ClO8,0.0
Sr3Ti2O7,0.0
Sr4Ga8Ge15,0.0
Sr4Te3(ClO2)4,0.0
Sr4V2(Se2O7)3,0.0
Sr5Bi3,1.0
Sr5Cd2Sb5F,1.0
Sr5Sn3,1.0
Sr5V3O12F,0.0
Sr6Nb7O21,1.0
Sr7Bi23O40,1.0
Sr8(MnN3)3,1.0
Sr8Al7,1.0
Sr8Co8O23,1.0
Sr8Fe3N8,1.0
SrAl,1.0
SrB2,1.0
SrB6,0.0
SrBiClO2,0.0
SrCdSi,1.0
SrCrO4,0.0
SrCuBi,1.0
SrGe2,0.0
SrIn2,1.0
SrIn2(GeIr)4,0.0
SrIn2Ir,1.0
SrIn2Rh,1.0
SrIn4Ir,1.0
SrIn4Pt,1.0
SrLi2Sn,1.0
SrLi4(BO3)2,0.0
SrMgIn3,1.0
SrMgSnSe4,0.0
SrN2,1.0
SrNi2(PO4)2,1.0
SrNi5As3,1.0
SrO,0.0
SrPb3Br8,0.0
SrPbO3,0.0
SrSe,0.0
SrSeO4,0.0
SrSiPd,1.0
SrSnP,1.0
SrTaNO2,0.0
SrTh(PS4)2,0.0
SrTiO3,0.0
SrV13O18,1.0
SrZnSO,0.0
SrZnSb2,1.0
SrZr2Nb,1.0
SrZrS3,0.0
Ta11(CuO6)5,0.0
Ta22(CuS12)3,1.0
Ta2Mn3O8,0.0
Ta2N,1.0
Ta2Nb3O12,1.0
Ta2O5,0.0
Ta2OsW,1.0
Ta2PtSe7,1.0
Ta2TiN3,1.0
Ta2Tl4S11,0.0
Ta3P,1.0
Ta4AlC3,1.0
Ta4Cu2O11,0.0
Ta4N5,1.0
Ta5N6,1.0
Ta6Be15Cu8,1.0
Ta6Ni16Ge7,1.0
Ta7Cu3O19,0.0
TaAl3,1.0
TaAlPt,1.0
TaBe2,1.0
TaCoSn2,1.0
TaF3,1.0
TaGaS2,0.0
TaGaSe2,0.0
TaInNi,1.0
TaNiB2,1.0
TaPd3,1.0
TaPt3,1.0
TaRh3,1.0
TaTiFe2,1.0
Tb(AlC)3,1.0
Tb(CoB)2,1.0
Tb(CuTe)3,0.0
Tb(FeP3)4,1.0
Tb(GeRh)2,1.0
Tb(MnGe)6,1.0
Tb(Ni2P)2,1.0
Tb0.52Pr2.48Ga1.67S7,0.0
Tb2(MoO4)3,0.0
Tb2AlCo2,1.0
Tb2EuSe4,0.0
Tb2GeS5,0.0
Tb2In16Pt7,1.0
Tb2O3,0.0
Tb2Sb5,1.0
Tb2SbO2,1.0
Tb2Ti3Ge4,1.0
Tb3(MnC3)2,1.0
Tb3FeB7,1.0
Tb3Ge5,1.0
Tb3Ni13B2,1.0
Tb3ReO7,1.0
Tb3Si,1.0
Tb4GaSbS9,0.0
Tb5Ti5O17,1.0
Tb5Tl3,1.0
Tb6PbSe10,1.0
TbB(SbO4)2,0.0
TbBRh3,1.0
TbCu5,1.0
TbGa,1.0
TbGa2Co3,1.0
TbGa3,1.0
TbH2,1.0
TbHg2,1.0
TbInAg2,1.0
TbInIr,1.0
TbMn5Ge3,1.0
TbNi5,1.0
TbNiGe2,1.0
TbNiO3,1.0
TbP,1.0
TbRh2,1.0
TbSb2,1.0
TbSe2,1.0
TbSnAu,1.0
TbTe,1.0
TbYbHg2,1.0
TbYbRh2,1.0
TbZn2,1.0
Tc3Pd,1.0
TcB,1.0
TcSe2,0.0
Te0.01Pb1Se0.99,0.0
Te0.4Se0.6,0.0
Te0.5Pb1Se0.5,0.0
Te0.5Se0.5,0.0
Te0.6Se0.4,0.0
Te0.8Se0.2,0.0
Te2Au,1.0
Te2Mo,0.0
Te2MoWS2,1.0
Te2Os,0.0
Te2Pd,0.0
Te2Ru,0.0
Te2W2SeS,1.0
Te3As2,0.0
Te3MoWS,1.0
Te4Mo(WS)2,1.0
Te4MoW3S4,1.0
TeAs,0.0
TeMoSe,1.0
TeO2,0.0
TePb3Cl4O3,0.0
TePd,1.0
TeSe,0.0
TeSe3,0.0
TeWCl9,1.0
Th(Al2Fe)4,1.0
Th(Al5Fe)2,1.0
Th(FeSi)2,1.0
Th(GePd)2,1.0
Th(MnGe)2,1.0
Th(SiRu)2,1.0
Th2CrN3,1.0
Th2GeSe2,0.0
Th2In,1.0
Th2Se5,0.0
Th3B2C3,1.0
ThAl,1.0
ThBi2,1.0
ThCrB4,1.0
ThFe2SiC,1.0
ThIr5,1.0
ThMn4(CuO4)3,1.0
ThO2,0.0
ThPSe,1.0
ThRh2,1.0
ThRu3C,1.0
ThSO,0.0
ThSi,1.0
ThSi2Ru3,1.0
ThTeO,0.0
ThU8O18,1.0
Ti10O11,1.0
Ti13S24,1.0
Ti1C0.9,0.0
Ti20(Sb3Se)3,1.0
Ti2AlV,1.0
Ti2B,1.0
Ti2BRh6,1.0
Ti2Be17,1.0
Ti2C,1.0
Ti2CoGe,1.0
Ti2CuS4,1.0
Ti2MnFe,1.0
Ti2RePd,1.0
Ti2ReRh,1.0
Ti2ReRu,1.0
Ti2TcNi,1.0
Ti2TcPd,1.0
Ti2ZnS4,1.0
Ti3Be,1.0
Ti3Cu3O,1.0
Ti3Fe3O,1.0
Ti3PO7,1.0
Ti3Pt5,1.0
Ti3SnC2,1.0
Ti4ZnO8,1.0
Ti5(B6O13)2,1.0
Ti5ZnO7,1.0
Ti9O10,1.0
Ti9O8,1.0
TiAl,1.0
TiAlAu2,1.0
TiAsRh,1.0
TiAuCl,1.0
TiBi25O39,0.0
TiBr2,1.0
TiCoGe,1.0
TiCoSn,1.0
TiFe2,1.0
TiFe2As,1.0
TiFeH2,1.0
TiNiSb,0.0
TiO2,0.0
TiOs3,1.0
TiReN3,1.0
TiS2,0.0
TiSe,1.0
TiSe2,0.0
TiTlPS5,0.0
TiTlSe2,0.0
TiV4CuO12,1.0
TiZn3,1.0
Tl(Cu3S2)2,1.0
Tl(MoSe)3,1.0
Tl(WO3)3,1.0
Tl0.001Te1Pb0.999,0.0
Tl0.005Te1Pb0.995,0.0
Tl0.01Te1Pb0.99,0.0
Tl0.07Te1Pb0.93,0.0
Tl16O15F17,1.0
Tl2.35Sb8.65Se14,0.0
Tl2Hg3S4,0.0
Tl2Hg3Se4,0.0
Tl2Hg3Te4,0.0
Tl2InGaSe4,0.0
Tl2O3,0.0
Tl2S,0.0
Tl2Se,0.0
Tl2Te3,0.0
Tl2Te3As2Se,0.0
Tl2TeBr6,0.0
Tl2TeI6,0.0
Tl3AsSe3,0.0
Tl3Cr,1.0
Tl3Ir,1.0
Tl3Pb,1.0
Tl3Si,1.0
Tl3VS4,0.0
Tl4CdI6,0.0
Tl4CuTeO6,0.0
Tl6Cu(TeO5)2,0.0
Tl9SbSe6,1.0
TlAgSe2,0.0
TlAgTe2,0.0
TlAsS2,0.0
TlAsSe2,0.0
TlBiTe2,0.0
TlBiTe3,0.0
TlBr,0.0
TlCdS2,0.0
TlCl,0.0
TlCoMo2,1.0
TlCr5(Se3S)2,0.0
TlCr5(SeS)4,0.0
TlCr5S8,0.0
TlCr5Se3S5,0.0
TlCr5Se5S3,0.0
TlCr5Se8,0.0
TlCr5SeS7,0.0
TlCuCl3,0.0
TlCuSe2,0.0
TlGaS2,0.0
TlGaSe2,0.0
TlGaTe2,0.0
TlHg6Se4Br5,0.0
TlInS2,0.0
TlInTe2,0.0
TlN,0.0
TlN3,0.0
TlPS2,0.0
TlPSe2,0.0
TlS,0.0
TlSbS2,0.0
TlSbSe2,0.0
TlSbTe3,0.0
TlSe,0.0
TlSn,1.0
TlSnAuSe3,0.0
TlTeP,0.0
Tm(CoSi)2,1.0
Tm(CuGe)2,1.0
Tm(CuTe)3,0.0
Tm(FeSi)2,1.0
Tm(GeRu)2,1.0
Tm(NiGe)2,1.0
Tm(SiOs)2,1.0
Tm2AlOs,1.0
Tm2CdHg,1.0
Tm2CuTc,1.0
Tm2Ga10Os3,1.0
Tm2In,1.0
Tm2MgRu,1.0
Tm2O3,0.0
Tm2Ru2O7,1.0
Tm2ZnAg,1.0
Tm2ZnGa,1.0
Tm2ZnOs,1.0
Tm3GaC,1.0
Tm4In(NiGe2)2,1.0
Tm4Sb2Se11.68,0.0
Tm5(Ge5Rh2)2,1.0
TmAl4Ni,1.0
TmAlCu,1.0
TmAs,0.0
TmAu,1.0
TmAu2,1.0
TmB2C,1.0
TmBPd3,1.0
TmCdAg2,1.0
TmCoSi2,1.0
TmCuSi,1.0
TmGe,1.0
TmIn3,1.0
TmMg2Sc,1.0
TmMnGe,1.0
TmPd,1.0
TmSb,1.0
TmScHg2,1.0
TmSnRh,1.0
TmSnRu2,1.0
TmThRu2,1.0
TmTl,1.0
TmU2S3O2,1.0
U(Al2Fe)4,1.0
U(CrC)4,1.0
U(CuP)2,1.0
U(MnSi)2,1.0
U11O5,1.0
U2Al3C4,1.0
U2AlCo2,1.0
U2AlCo3,1.0
U2Cl5O2,1.0
U2Cr30P19,1.0
U2MnN3,1.0
U2Re2C3,1.0
U2SnRh2,1.0
U2TeN2,1.0
U2Ti,1.0
U2Zn17,1.0
U3Bi4,1.0
U3Cu2Se7,1.0
U3Nb,1.0
U3Ni3Sn4,1.0
U4Re7Si6,1.0
U4S3,1.0
U5Ge3,1.0
U6Co,1.0
UAl3,1.0
UAlNi4,1.0
UCo4Sn,1.0
UCoSi,1.0
UFe5Si3,1.0
UGa2,1.0
UGa3Ni,1.0
UGa5Ir,1.0
UGaNi,1.0
UGeRh,1.0
UHg4(AsCl3)2,0.0
UNiSn,1.0
UO,0.0
UO2,0.0
UP2S9,0.0
UPt3,1.0
USbSe,1.0
UVC2,1.0
V12P7,1.0
V2NO,1.0
V2O5,0.0
V2OsRu,1.0
V2Pb4(Se2O7)3,0.0
V2Sb(PO4)3,1.0
V2Si2O7,1.0
V2TcRu,1.0
V2Zn3TeO10,0.0
V2ZnO4,1.0
V3(HO2)4,1.0
V3As2O9,0.0
V3Bi(PbO4)3,0.0
V3Cu,1.0
V3Pb2Se5O18,0.0
V3Pt,1.0
V3Re,1.0
V3Si,1.0
V6PbO11,1.0
VAg(PSe3)2,1.0
VB2,1.0
VCo,1.0
VCu3(PO4)4,1.0
VCu3S4,0.0
VFeRu2,1.0
VFeSb,0.0
VGa(TeO4)2,0.0
VIn(NiO3)2,0.0
VIr,1.0
VNi5(PO4)6,1.0
VO,0.0
VO2,0.0
VP,1.0
VP4,1.0
VPt2,1.0
VSb,1.0
VTc,1.0
VTe2,1.0
VZn2BiO6,0.0
W2C,1.0
W2N,1.0
W3O7F,1.0
WO3,0.0
WSe2,0.0
Y(Al2Cu)4,1.0
Y(CrSi)2,1.0
Y(CuSe)3,0.0
Y(CuSi)2,1.0
Y(CuTe)3,0.0
Y(FeSi)2,1.0
Y(NiP)2,1.0
Y(Re2Si)2,1.0
Y(SiPt)2,1.0
Y(SiRh)2,1.0
Y(SiRu)2,1.0
Y2C3,1.0
Y2Fe2Si2C,1.0
Y2Ge2O7,1.0
Y2Ge5Ir3,1.0
Y2S3,0.0
Y2U3O11,1.0
Y3(Fe31B7)2,1.0
Y3Al3NiGe2,1.0
Y3Fe29,1.0
Y3GaCo3,1.0
Y3GaS6,0.0
Y3Tm,1.0
Y4AsSe3,1.0
Y4C7,1.0
Y4CuTe8,1.0
Y4US5O3,0.0
Y6Zn(SiS7)2,0.0
YAlGe,1.0
YAlPd,1.0
YAs,1.0
YB2C,1.0
YB2Rh2C,1.0
YB66,0.0
YBi,1.0
YCd4B3O10,0.0
YCdHg2,1.0
YCoO3,1.0
YCu3(WO3)4,1.0
YErRh2,1.0
YH2,1.0
YHg2,1.0
YMg4Cu,1.0
YMgAl,1.0
YMgGa,1.0
YMoClO4,0.0
YMoO4F,0.0
YN,0.0
YNi4B,1.0
YNiSb,0.0
YSbPd,0.0
YScO2,1.0
YSi2,1.0
YSiNi,1.0
YSn3,1.0
YTi4(CuO4)3,1.0
YTiO3,1.0
YTmCu2,1.0
YV(BiO4)2,0.0
YVSeO10,0.0
YVTeO10,0.0
YWO3,1.0
YZnBiO4,0.0
Yb(Al2Mo)2,1.0
Yb(AlGa)2,1.0
Yb(AlGe)2,1.0
Yb(AlSi)2,1.0
Yb(CuSe)3,0.0
Yb(Fe2Ge)2,1.0
Yb(GaSe2)2,0.0
Yb(IO3)3,1.0
Yb(SbS2)2,0.0
Yb(SbTe2)2,0.0
Yb(SiAg)2,1.0
Yb14Ti10O41,1.0
Yb23Mg4Cu7,1.0
Yb2Ce8O19,1.0
Yb2EuSe4,0.0
Yb2Ge2Ir,1.0
Yb2HgPb,1.0
Yb2InPd2,1.0
Yb2MgSe4,1.0
Yb2O3,0.0
Yb2SmS4,1.0
Yb3Al5O12,1.0
Yb3Sn13Rh4,1.0
Yb3Tc,1.0
Yb3V,1.0
Yb4Sb3,1.0
Yb5Au4,1.0
Yb6U3O17,1.0
Yb8Ge3Sb5,1.0
YbAg2,1.0
YbAgGe,1.0
YbAgO2,1.0
YbAl3,1.0
YbAs,0.0
YbB2Rh3,1.0
YbB66,0.0
YbBO3,1.0
YbCdHg2,1.0
YbCe2CuS5,0.0
YbCuGe,1.0
YbCuSi,1.0
YbDyPd2,1.0
YbGeRh,1.0
YbH2ClO2,1.0
YbIn4Ni,1.0
YbIn4Rh,1.0
YbMgPd,1.0
YbNd2CuS5,0.0
YbNd3,1.0
YbNdAg2,1.0
YbPO4,1.0
YbPmPt2,1.0
YbPr11Se16,1.0
YbSi2Ni,1.0
YbSm2CuS5,0.0
YbSmRh2,1.0
YbSn2Pd,1.0
YbSnRh,1.0
YbSnTe2,0.0
YbTlSe2,1.0
Zn(CoO2)2,1.0
Zn(CuO2)2,1.0
Zn(GaSe2)2,0.0
Zn(InS2)2,0.0
Zn(InSe2)2,0.0
Zn(InTe2)2,0.0
Zn0.01Cd0.99Se1,0.0
Zn0.01Ga0.99As0.99Se0.01,0.0
Zn0.01Ga0.99P0.99S0.01,0.0
Zn0.01Ga0.99Sb0.99Te0.01,0.0
Zn0.05Ga0.95Sb0.95Te0.05,0.0
Zn0.15Cd0.85Se1,0.0
Zn0.15Ga0.85As0.85Se0.15,0.0
Zn0.1Ga0.9Sb0.9Te0.1,0.0
Zn0.25Ga0.75As0.75Se0.25,0.0
Zn0.3Ga0.7P0.7S0.3,0.0
Zn0.42Ga0.58As0.58Se0.42,0.0
Zn0.55Hg0.45Se1,0.0
Zn0.5Cd0.5Se1,0.0
Zn0.5Ga0.5As0.5Se0.5,0.0
Zn0.5Ga0.5P0.5Se0.5,0.0
Zn0.5Hg0.5Se1,0.0
Zn0.65Hg0.35Se1,0.0
Zn0.75Cd0.25Se1,0.0
Zn0.75Hg0.25Se1,0.0
Zn0.75Hg0.25Te1,0.0
Zn0.7Ga0.3P0.3S0.7,0.0
Zn0.7Ga0.3P0.3Se0.7,0.0
Zn0.85Ga0.15As0.15Se0.85,0.0
Zn0.85Ga0.15P0.15S0.85,0.0
Zn0.85Hg0.15Se1,0.0
Zn0.86Hg0.14Te1,0.0
Zn0.8Hg0.2Te1,0.0
Zn0.92Hg0.08Te1,0.0
Zn0.95Ga0.05P0.05S0.95,0.0
Zn0.99Cd0.01Se1,0.0
Zn0.99Ga0.01As0.01Se0.99,0.0
Zn0.99Ga0.01P0.01Se0.99,0.0
Zn0.99Ga0.01Sb0.01Te0.99,0.0
Zn0.99Hg0.01Se1,0.0
Zn0.99Hg0.01Te1,0.0
Zn0.9Ga0.1As0.1Se0.9,0.0
Zn0.9Ga0.1P0.1Se0.9,0.0
Zn2BIr2,1.0
Zn2In2S5,0.0
Zn2InCuSe4,0.0
Zn2InCuTe4,0.0
Zn2MoSeO7,0.0
Zn2Sb3O8,1.0
Zn2SnN2,1.0
Zn2WN2,1.0
Zn3(BO3)2,0.0
Zn3(InS3)2,0.0
Zn3.5Ga1Sn0.5O6,0.0
Zn3As2,0.0
Zn3Cu,1.0
Zn3Cu10(TeO6)6,1.0
Zn3N2,1.0
Zn3Sb2,0.0
Zn4.5Ga1Sn0.5O7,0.0
Zn4Sb3,0.0
Zn6S5Cl2,0.0
Zn8Ag5,1.0
ZnAs2,0.0
ZnB12(H5O12)2,0.0
ZnCrO2,1.0
ZnCu2GeSe4,0.0
ZnCu2SiSe4,0.0
ZnCu2SiTe4,0.0
ZnCu2SnSe4,0.0
ZnCu2SnTe4,0.0
ZnCu3P3O13,1.0
ZnGaRh2,1.0
ZnGeAs2,0.0
ZnGeN2,0.0
ZnGeP2,0.0
ZnHg3(SCl2)2,0.0
ZnO,0.0
ZnSb,0.0
ZnSb2MoO7,0.0
ZnSb3,1.0
ZnSe,0.0
ZnSi(AgS2)2,0.0
ZnSnAs2,0.0
ZnSnO3,0.0
ZnSnP2,0.0
ZnSnSb2,0.0
ZnTc,0.0
ZnTe,0.0
Zr(Ni2P)2,1.0
Zr0.67Ta1.33N3.03O0.12,0.0
Zr1.33Ta0.67N1.63O1.89,0.0
Zr1.33Ta0.67N1.97O1.38,0.0
Zr1.33Ta0.67N2.61O0.42,0.0
Zr1.86Cu1S4,0.0
Zr2Al,1.0
Zr2Co12P7,1.0
Zr2CuS4,1.0
Zr2HBr2,1.0
Zr2In5Ni,1.0
Zr2Ni12P7,1.0
Zr2Se,1.0
Zr2Te,1.0
Zr3Al2,1.0
Zr3Hg,1.0
Zr3Ir,1.0
Zr3NiO,1.0
Zr3O,0.0
Zr4AlNi2,1.0
Zr4Co4Ge7,1.0
Zr5Al3,1.0
Zr5Sb3,1.0
Zr5SiSb3,1.0
Zr5Sn4,1.0
Zr6Al2Ni,1.0
Zr6NiCl15,1.0
Zr6O,0.0
Zr7P4,1.0
ZrAl5Ni2,1.0
ZrAlRu2,1.0
ZrGaPt,1.0
ZrGe2,1.0
ZrGeRu,1.0
ZrHg4(AsCl3)2,0.0
ZrHg4(PCl3)2,0.0
ZrInCu2,1.0
ZrInRh2,1.0
ZrIr2,1.0
ZrNiGe,1.0
ZrNiSb,0.0
ZrO2,0.0
ZrPd2,1.0
ZrRu3C,1.0
ZrS2,0.0
ZrS3,0.0
ZrSe,1.0
ZrSe2,0.0
ZrSe3,0.0
ZrSi2,1.0
ZrTaN3,0.0
ZrTe,1.0
ZrTi2O,1.0
